input,output,category
the whole team including Nina stayed late at the hospital because the rent pamyent needed to be finished before te dradline tht wss set for tomofrow morning.,The whole team including Nina stayed late at the hospital because the rent payment needed to be finished before the deadline that was set for tomorrow morning.,HARD_REAL_USER_TYPING
She have a meeting about the client meeting.,She has a meeting about the client meeting.,GRAMMAR_ONLY
"during the call yesterday, Kevin explained that the upcoming exam required mre resources thna originzlly poanned, so the entire team had to rearrange thier schedules.","During the call yesterday, Kevin explained that the upcoming exam required more resources than originally planned, so the entire team had to rearrange their schedules.",LONG_SENTENCES
there ae many people here,There are many people here.,MULTIPLE_ERRORS
She have went to the office already.,She has gone to the office already.,GRAMMAR_ONLY
"sam mentioned that the football amtch owuld probably be delqyed again, hwich made everyone at the meeting room extremely frustrated and worried about the consequences.","Sam mentioned that the football match would probably be delayed again, which made everyone at the meeting room extremely frustrated and worried about the consequences.",LONG_SENTENCES
i bought 93 boxs,I bought 93 boxes,NUMBERS_SYMBOLS
Each of the students have a book.,Each of the students has a book.,GRAMMAR_ONLY
I upholstry this.,I upholstery this.,SINGLE_WORD_SPELLING
te dgs are barking loudly,The dogs are barking loudly.,SPELLING_GRAMMAR
he can can help,he can help,REPEATED_WORDS
changable,changeable,SINGLE_WORD_SPELLING
"atfer spending amost there hkurs at collete, Fatima finqlly damitted that the rtavel itinerary was much more comlicated tgan anyone had ofiginally epected.","After spending almost three hours at college, Fatima finally admitted that the travel itinerary was much more complicated than anyone had originally expected.",HARD_REAL_USER_TYPING
"def, rn?","definitely, right now?",REAL_CHAT_MESSAGES
"i tink mOar ofrgot to mntin thst tne meeting abkut tbe footblal match has been movde to next week, and now everyoe is confuded abot the enw schedule.","I think Omar forgot to mention that the meeting about the football match has been moved to next week, and now everyone is confused about the new schedule.",HARD_REAL_USER_TYPING
they work hard,They work hard.,MULTIPLE_ERRORS
thwse shoes are oto small,These shoes are too small.,SPELLING_GRAMMAR
everybody ws excited about it,Everybody was excited about it.,SPELLING_GRAMMAR
i think well right,i think we'll right,CONTRACTIONS
im late,I'm late,SHORT_TEXT
great job everyone,"Great job, everyone!",PUNCTUATION
the students wee stdying hard,The students were studying hard.,SPELLING_GRAMMAR
she turned 25 yestrday,she turned 25 yesterday,NUMBERS_SYMBOLS
"cralos mentioned thzt the school asignment would probably be dlayd again, which made everyone at the airport extremely frustrated ad worried about tge consequenes.","Carlos mentioned that the school assignment would probably be delayed again, which made everyone at the airport extremely frustrated and worried about the consequences.",HARD_REAL_USER_TYPING
alot it happened.,a lot it happened.,WORD_BOUNDARY_ERRORS
tbis,this,KEYBOARD_ADJACENCY
hldy,holiday,KEYBOARD_ADJACENCY
"i thnk Sam frogot to meniton that the meting abuot the football match has been movde to nxt wek, ajd now veeryone is confueed about tye new schrdule.","I think Sam forgot to mention that the meeting about the football match has been moved to next week, and now everyone is confused about the new schedule.",HARD_REAL_USER_TYPING
carlos was trying to explain the wther to the tam but kept amking mistakes bceause he was tping too fast on his phkne while walking to the libary.,Carlos was trying to explain the weather to the team but kept making mistakes because he was typing too fast on his phone while walking to the library.,LONG_SENTENCES
nobody realy understood why Davd decided to chaneg teh rad conditions at the last minute withot telling anyone else hwo was working on tne same projwct.,Nobody really understood why David decided to change the road conditions at the last minute without telling anyone else who was working on the same project.,HARD_REAL_USER_TYPING
familar,familiar,SINGLE_WORD_SPELLING
the meeting starts at nine o'clock,The meeting starts at nine o'clock.,MULTIPLE_ERRORS
sam was tdying to explain the rent payment to the tem but keot maiing mistakes because he was typing too fst on his phone while walking to clolege.,Sam was trying to explain the rent payment to the team but kept making mistakes because he was typing too fast on his phone while walking to college.,LONG_SENTENCES
The manager doesn't have no idea about the budget report.,The manager doesn't have any idea about the budget report.,GRAMMAR_ONLY
tje tam is winnign tne match,The team is winning the match.,SPELLING_GRAMMAR
dat,that,COMMON_TYPING_ERRORS
sne always maeks mistaks,She always makes mistakes.,SPELLING_GRAMMAR
hrlp,help,KEYBOARD_ADJACENCY
"when we arrived at college yesterday, Fatima tld us that the project deadline had changd complwtely amd nobody hqd bothered to inform the rest of the team.","When we arrived at college yesterday, Fatima told us that the project deadline had changed completely and nobody had bothered to inform the rest of the team.",LONG_SENTENCES
"when we arrived at the park yesterday, Kevin told us that the contract tems had changed compoetely and nobody had bothered to inform the rest of the tam.","When we arrived at the park yesterday, Kevin told us that the contract terms had changed completely and nobody had bothered to inform the rest of the team.",LONG_SENTENCES
David have went to the city center already.,David has gone to the city center already.,GRAMMAR_ONLY
my parents afe coming toay,My parents are coming today.,MULTIPLE_ERRORS
tye children plqy outside,The children play outside.,SPELLING_GRAMMAR
inicate,indicate,KEYBOARD_ADJACENCY
watcha,what are you,COMMON_TYPING_ERRORS
knw but becase tho,know but because tho,REAL_CHAT_MESSAGES
nobody really understood why Mohammed decided to change the budget report at the last minute without telling anyone else wjo ws working on the same project.,Nobody really understood why Mohammed decided to change the budget report at the last minute without telling anyone else who was working on the same project.,LONG_SENTENCES
we watched a documentary last night,We watched a documentary last night.,MULTIPLE_ERRORS
bro wht fr,bro what fr,REAL_CHAT_MESSAGES
The bakery sells fresh bread every morning.,The bakery sells fresh bread every morning.,IDENTITY
"sam mentioned that tge upcoming exam woild probably be delaed again, which made everyone at college extremely frustrated and worried about the consequences.","Sam mentioned that the upcoming exam would probably be delayed again, which made everyone at college extremely frustrated and worried about the consequences.",LONG_SENTENCES
lets a good idea,let's a good idea,CONTRACTIONS
he is my best fruend,He is my best friend.,SPELLING_GRAMMAR
"during the call yesterday, Wei explained that teh recipe reqiired more resourcse thna originally planmed, so te entore team had to rearrange their schedjles.","During the call yesterday, Wei explained that the recipe required more resources than originally planned, so the entire team had to rearrange their schedules.",HARD_REAL_USER_TYPING
commitee,committee,SINGLE_WORD_SPELLING
he hzs gne to the market,He has gone to the market.,MULTIPLE_ERRORS
he speaks engljsh very wdll,He speaks English very well.,SPELLING_GRAMMAR
bro abt fr,bro about fr,REAL_CHAT_MESSAGES
"when we arrived at the restahrant yesterday, Sarzh tlod us that the clidnt meeting had changed completely and nobody had bothered to inform the rest of the tam.","When we arrived at the restaurant yesterday, Sarah told us that the client meeting had changed completely and nobody had bothered to inform the rest of the team.",LONG_SENTENCES
we should dat now,we should that now,COMMON_TYPING_ERRORS
she dont rememeber his nam,she doesn't remember his name,SPELLING_GRAMMAR
sry but txt tho,sorry but text tho,REAL_CHAT_MESSAGES
repremand,reprimand,SINGLE_WORD_SPELLING
ngl ty rn,ngl thank you rn,REAL_CHAT_MESSAGES
"during the call yesterfay, Lsa explnd that the sftware update required more resourecs than originally plnned, so the entire taem had to rearrange thekr schdles.","During the call yesterday, Lisa explained that the software update required more resources than originally planned, so the entire team had to rearrange their schedules.",HARD_REAL_USER_TYPING
It didn't went to the library.,It didn't go to the library.,GRAMMAR_ONLY
My brother has finish the report on the weather.,My brother has finished the report on the weather.,GRAMMAR_ONLY
underate,underrate,SINGLE_WORD_SPELLING
wnt,want,COMMON_TYPING_ERRORS
We talked up on the table.,We talked upon the table.,WORD_BOUNDARY_ERRORS
he go thier evry weeknd,he goes there every weekend,SPELLING_GRAMMAR
bday but bday tho,birthday but birthday tho,REAL_CHAT_MESSAGES
i didn't go there yesteray,I didn't go there yesterday.,MULTIPLE_ERRORS
suround,surround,SINGLE_WORD_SPELLING
they have finished ther homeowrk,They have finished their homework.,SPELLING_GRAMMAR
simultaneos,simultaneous,SINGLE_WORD_SPELLING
she studied at harvard university,She studied at Harvard University,CAPITALIZATION
"i think Fatima forgot to mentuon tyat the meeting about tne football match has been moved to next week, and now everyone is confused abut the new schedule.","I think Fatima forgot to mention that the meeting about the football match has been moved to next week, and now everyone is confused about the new schedule.",LONG_SENTENCES
he met james yesterday,He met James yesterday,CAPITALIZATION
orignal,original,SINGLE_WORD_SPELLING
cant wait,can't wait,SHORT_TEXT
cant,can't,CONTRACTIONS
prty man,pretty man,SHORT_TEXT
differnt,different,KEYBOARD_ADJACENCY
"after spending almost htree hours at the warehouse, Mohammed finally admtited that the project deadline was muxh more complicated than anyone had originally expected.","After spending almost three hours at the warehouse, Mohammed finally admitted that the project deadline was much more complicated than anyone had originally expected.",LONG_SENTENCES
prtoect,protect,KEYBOARD_ADJACENCY
he met jennifer yesterday,He met Jennifer yesterday,CAPITALIZATION
becuz,because,COMMON_TYPING_ERRORS
fdiend,friend,KEYBOARD_ADJACENCY
it it is true,it is true,REPEATED_WORDS
we should cud now,we should could now,COMMON_TYPING_ERRORS
prmoise,promise,KEYBOARD_ADJACENCY
alot,a lot,SINGLE_WORD_SPELLING
"ecen though Caflos worked really hard on te recipe, the manager saud the reprot still needed several corrections before it could be sent to the client.","Even though Carlos worked really hard on the recipe, the manager said the report still needed several corrections before it could be sent to the client.",LONG_SENTENCES
skilfull,skilful,SINGLE_WORD_SPELLING
agian now,again now,SHORT_TEXT
The teacher have went to the park already.,The teacher has gone to the park already.,GRAMMAR_ONLY
nobody realy unddrstood why Czrlos edcided to change the upcojing exam at the lats miunte witohut teoling anuone eose woh wqs working on the sme projext.,Nobody really understood why Carlos decided to change the upcoming exam at the last minute without telling anyone else who was working on the same project.,HARD_REAL_USER_TYPING
tendancy,tendency,SINGLE_WORD_SPELLING
i relly that,i really that,COMMON_TYPING_ERRORS
rceive,receive,KEYBOARD_ADJACENCY
she is happy happy,she is happy,REPEATED_WORDS
nobody rrally understood wy Rzj decded to change the rpoject deadline at the last minute wihtout telling anyoje else hwo was working on the same project.,Nobody really understood why Raj decided to change the project deadline at the last minute without telling anyone else who was working on the same project.,HARD_REAL_USER_TYPING
dont,don't,CONTRACTIONS
every body,everybody,WORD_BOUNDARY_ERRORS
the software uodate fixed sveral bugs,The software update fixed several bugs.,MULTIPLE_ERRORS
teachr,teacher,KEYBOARD_ADJACENCY
"after sending almost tree hours at college, Sm finally admitted that tje software update was much more comolicated than anyoe had originally expcted.","After spending almost three hours at college, Sam finally admitted that the software update was much more complicated than anyone had originally expected.",HARD_REAL_USER_TYPING
occassion,occasion,SINGLE_WORD_SPELLING
harrass,harass,SINGLE_WORD_SPELLING
wont too late now,won't too late now,CONTRACTIONS
tom was tryng to explain the contract terms to teh team but kept making mistakes becquse he was typing too fast on his phone wihle walking to the meeting room.,Tom was trying to explain the contract terms to the team but kept making mistakes because he was typing too fast on his phone while walking to the meeting room.,LONG_SENTENCES
villae,village,KEYBOARD_ADJACENCY
They read the newspaper.,They read the newspaper.,IDENTITY
"even though Fatima worked really hadr on the travel itinerary, the manager said the report still needed several corrections before it could be sent to the client.","Even though Fatima worked really hard on the travel itinerary, the manager said the report still needed several corrections before it could be sent to the client.",LONG_SENTENCES
The lecture covered the history of ancient Rome.,The lecture covered the history of ancient Rome.,IDENTITY
"nina mentioned that the client meeting would probably be delayed again, which mde everyone at the meeting room etremely frustrated and worried about the consequences.","Nina mentioned that the client meeting would probably be delayed again, which made everyone at the meeting room extremely frustrated and worried about the consequences.",LONG_SENTENCES
"during the call yesterday, Anna explained that the travel itinerary required more rsorces than originally planned, so teh entire team hsd to rearrange their schdles.","During the call yesterday, Anna explained that the travel itinerary required more resources than originally planned, so the entire team had to rearrange their schedules.",LONG_SENTENCES
pls,please,COMMON_TYPING_ERRORS
We celebrated her birthday at a nice restaurant.,We celebrated her birthday at a nice restaurant.,IDENTITY
it doesn't amtter to me,It doesn't matter to me.,MULTIPLE_ERRORS
they they are coming,they are coming,REPEATED_WORDS
the cliant wasnt happi abt the delai n the qulity,the client wasn't happy about the delay and the quality,HARD_REAL_USER_TYPING
decieve,deceive,SINGLE_WORD_SPELLING
"becuz, aint?","because, isn't?",REAL_CHAT_MESSAGES
john was trying to explain the bidget report to the taem but kpt making mistakes because he was typng too fast on hs pohne while walking to the restaurant.,John was trying to explain the budget report to the team but kept making mistakes because he was typing too fast on his phone while walking to the restaurant.,LONG_SENTENCES
similiar,similar,SINGLE_WORD_SPELLING
"i think Mark forgot to meniton that the meeting about teh wedding plans has been moced to next week, and now everyone is confused about the new schedule.","I think Mark forgot to mention that the meeting about the wedding plans has been moved to next week, and now everyone is confused about the new schedule.",LONG_SENTENCES
mentjon,mention,KEYBOARD_ADJACENCY
he is my best rfiend,He is my best friend.,SPELLING_GRAMMAR
she cok dibner together,She cook dinner together.,MULTIPLE_ERRORS
"tom mdntioned that tue football mathc would probably be dslayed agin, whoch made everyone at home extremely frustrated and wordied about the consequnces.","Tom mentioned that the football match would probably be delayed again, which made everyone at home extremely frustrated and worried about the consequences.",HARD_REAL_USER_TYPING
nvr mind,never mind,SHORT_TEXT
writig,writing,KEYBOARD_ADJACENCY
lotta that is true,lot of that is true,COMMON_TYPING_ERRORS
we should y now,we should why now,COMMON_TYPING_ERRORS
ngl wht rn,ngl what rn,REAL_CHAT_MESSAGES
theyll going to the store,they'll going to the store,CONTRACTIONS
i asap that,i as soon as possible that,COMMON_TYPING_ERRORS
kirchen,kitchen,KEYBOARD_ADJACENCY
you were were right,you were right,REPEATED_WORDS
"durig the call yeterday, Maria explained tjat the football match requred more resources than originally planned, so the entie team had to rearrange their schedules.","During the call yesterday, Maria explained that the football match required more resources than originally planned, so the entire team had to rearrange their schedules.",HARD_REAL_USER_TYPING
mainfain,maintain,KEYBOARD_ADJACENCY
He don't have no money.,He doesn't have any money.,GRAMMAR_ONLY
sm was trying to explani the softare update to tje team byt kpt making mostakes because he was typing too fast on his phnoe while waking to the trn station.,Sam was trying to explain the software update to the team but kept making mistakes because he was typing too fast on his phone while walking to the train station.,HARD_REAL_USER_TYPING
its only 5 mins away,it's only 5 minutes away,NUMBERS_SYMBOLS
i thru that,i through that,COMMON_TYPING_ERRORS
i nd that,i and that,COMMON_TYPING_ERRORS
"i think John forgot to metnion that the meeitng about the upcoming exam has been moved to next weke, and nwo everyone is confused about teh new schedule.","I think John forgot to mention that the meeting about the upcoming exam has been moved to next week, and now everyone is confused about the new schedule.",LONG_SENTENCES
imediately,immediately,SINGLE_WORD_SPELLING
ellectric,electric,SINGLE_WORD_SPELLING
momdnt,moment,KEYBOARD_ADJACENCY
the whole team including Raj srayed late at work because hte upcmoing exam needed to be finished beofre tue dadline that was sdt for toorrow morinng.,The whole team including Raj stayed late at work because the upcoming exam needed to be finished before the deadline that was set for tomorrow morning.,HARD_REAL_USER_TYPING
te children play outside,The children play outside.,MULTIPLE_ERRORS
tbh frgt lol,tbh forgot lol,REAL_CHAT_MESSAGES
"fir rael, for rel, I wzs so confused","for real, for real, I was so confused",HARD_REAL_USER_TYPING
that informatoin is wrobg,That information is wrong.,SPELLING_GRAMMAR
nobody relly understood why Priya dceided to change tje software updaet at the last mintue without telling nayone elee who wsa working on the sme project.,Nobody really understood why Priya decided to change the software update at the last minute without telling anyone else who was working on the same project.,HARD_REAL_USER_TYPING
She have a meeting about the upcoming exam.,She has a meeting about the upcoming exam.,GRAMMAR_ONLY
i bought 86 appls,I bought 86 apples,NUMBERS_SYMBOLS
bro dat fr,bro that fr,REAL_CHAT_MESSAGES
resistence,resistance,SINGLE_WORD_SPELLING
receove,receive,KEYBOARD_ADJACENCY
teh students were studying hard,The students were studying hard.,SPELLING_GRAMMAR
tne dogs are barking louldy,The dogs are barking loudly.,MULTIPLE_ERRORS
"omar mentioed that the prjoect deadline would probably be delayed again, which made everyone at the gym extremely frustrated and worfied about the consequences.","Omar mentioned that the project deadline would probably be delayed again, which made everyone at the gym extremely frustrated and worried about the consequences.",LONG_SENTENCES
Maria has finish the report on the budget report.,Maria has finished the report on the budget report.,GRAMMAR_ONLY
he met laura yesterday,He met Laura yesterday,CAPITALIZATION
nujber,number,KEYBOARD_ADJACENCY
Tom were at the library this morning.,Tom was at the library this morning.,GRAMMAR_ONLY
tne hwole team inclding Wi stayed late at home because the new popicy needed to be finished before the ddlne thqt was set for tomorrow morning.,The whole team including Wei stayed late at home because the new policy needed to be finished before the deadline that was set for tomorrow morning.,LONG_SENTENCES
the whole tram including John stayd laet at school becauwe the schoil assignment needed to be finished beore tbe deadlnie thst was set fir tomofrow morning.,The whole team including John stayed late at school because the school assignment needed to be finished before the deadline that was set for tomorrow morning.,HARD_REAL_USER_TYPING
they have finished their homework,They have finished their homework.,MULTIPLE_ERRORS
supercede,supersede,SINGLE_WORD_SPELLING
i bought 58 bottls,I bought 58 bottles,NUMBERS_SYMBOLS
welp pls,well pls,SHORT_TEXT
wnt that is true,want that is true,COMMON_TYPING_ERRORS
My brother has finish the report on the road conditions.,My brother has finished the report on the road conditions.,GRAMMAR_ONLY
whos too late now,who's too late now,CONTRACTIONS
prpose,propose,KEYBOARD_ADJACENCY
i bought 19 ticets,I bought 19 tickets,NUMBERS_SYMBOLS
qstn now,question now,SHORT_TEXT
nite i think so,night i think so,COMMON_TYPING_ERRORS
"smwhr, ty?","somewhere, thank you?",REAL_CHAT_MESSAGES
hw much,how much,SHORT_TEXT
listen i need your help,"Listen, I need your help.",PUNCTUATION
i tmrw that,i tomorrow that,COMMON_TYPING_ERRORS
"mohammed mntond that the wedding plans would probably be delayed again, which mdae everone at te lirary extremely frustrated and worried about hte consequences.","Mohammed mentioned that the wedding plans would probably be delayed again, which made everyone at the library extremely frustrated and worried about the consequences.",LONG_SENTENCES
tbh i forgt wat we wer talkin abt,"to be honest, I forgot what we were talking about",REAL_CHAT_MESSAGES
noody really undesrtood wyh Nnia ddcided to change hte wexding plans at the last mnute without tleling anyone else who was wofking on the same project.,Nobody really understood why Nina decided to change the wedding plans at the last minute without telling anyone else who was working on the same project.,HARD_REAL_USER_TYPING
we ae goihg to the movies,We are going to the movies.,MULTIPLE_ERRORS
rennovate,renovate,SINGLE_WORD_SPELLING
tbh atm lol,tbh at the moment lol,REAL_CHAT_MESSAGES
they attend the meeging,They attend the meeting.,MULTIPLE_ERRORS
we should watcha now,we should what are you now,COMMON_TYPING_ERRORS
its raining outside isnt it,"It's raining outside, isn't it?",PUNCTUATION
youll a good idea,you'll a good idea,CONTRACTIONS
The committee approved the new budget proposal.,The committee approved the new budget proposal.,IDENTITY
"durkng tje call ystrday, Wei explained that the new ploicy requirsd moe resources tban originally planned, so the entiee tezm had to rearange ther schedles.","During the call yesterday, Wei explained that the new policy required more resources than originally planned, so the entire team had to rearrange their schedules.",HARD_REAL_USER_TYPING
rpeort,report,KEYBOARD_ADJACENCY
prorect,protect,KEYBOARD_ADJACENCY
"julia mntond that the school assignment wold pobably be dlyd avain, whivh made eveyone at the meeting rom extremepy fruwtrated abd worried anout the consequences.","Julia mentioned that the school assignment would probably be delayed again, which made everyone at the meeting room extremely frustrated and worried about the consequences.",HARD_REAL_USER_TYPING
he travsl often,He travel often.,MULTIPLE_ERRORS
"i havent slpt in two das, bro","I haven't slept in two days, bro",HARD_REAL_USER_TYPING
i thnk we shold just call it,I think we should just call it,HARD_REAL_USER_TYPING
the whkle team including Sma stayed late at the city center because hte project deadline nedd to be finished before the deadline that was set for tomorrow morning.,The whole team including Sam stayed late at the city center because the project deadline needed to be finished before the deadline that was set for tomorrow morning.,LONG_SENTENCES
tbh tht lol,tbh that lol,REAL_CHAT_MESSAGES
she speqks three languages fluently,She speaks three languages fluently.,MULTIPLE_ERRORS
wat?,what?,SHORT_TEXT
i hve bn waitng 4 ovr an hr nd no1 rspondd,I have been waiting for over an hour and no one responded,HARD_REAL_USER_TYPING
she earns $2000 a mnth,she earns $2000 a month,NUMBERS_SYMBOLS
"nina mentioned that the quarterly results wojld probably be delayed again, which made everyone at the market extremely frustrated and worried about the consequences.","Nina mentioned that the quarterly results would probably be delayed again, which made everyone at the market extremely frustrated and worried about the consequences.",LONG_SENTENCES
It don't understand the client meeting.,It doesn't understand the client meeting.,GRAMMAR_ONLY
hTe whole team including Lia styed late at tue prk because the school assignment needed to be finoshed before the dadline that aws set for tomorrow morning.,The whole team including Lisa stayed late at the park because the school assignment needed to be finished before the deadline that was set for tomorrow morning.,LONG_SENTENCES
sye knows the answer,She knows the answer.,MULTIPLE_ERRORS
The teacher were at the airport this morning.,The teacher was at the airport this morning.,GRAMMAR_ONLY
cnt,can't,COMMON_TYPING_ERRORS
i think youre right,i think you're right,CONTRACTIONS
i live in egypt,I live in Egypt,CAPITALIZATION
You travel often.,You travel often.,IDENTITY
any way,anyway,WORD_BOUNDARY_ERRORS
"i think Lisa forgot to mention that the meeting baout the road conditions hzs been movsd to next ewek, and npw everyone is confused about the new schedule.","I think Lisa forgot to mention that the meeting about the road conditions has been moved to next week, and now everyone is confused about the new schedule.",LONG_SENTENCES
nobody really understood why iNna dcdd to change the client meeting at tbe last minute withut telling anypne elxe woh was wokring on tye same proect.,Nobody really understood why Nina decided to change the client meeting at the last minute without telling anyone else who was working on the same project.,HARD_REAL_USER_TYPING
opsrate,operate,KEYBOARD_ADJACENCY
nt sure,not sure,SHORT_TEXT
dis is nt wat i ment,this is not what I meant,REAL_CHAT_MESSAGES
he clesn the house,He clean the house.,MULTIPLE_ERRORS
should i wait here,Should i wait here?,PUNCTUATION
"i think Tom forgot to mention that the meeting aobut the travel itinerary has bene movd to next wk, ahd now everyone is confused about the nsw schecule.","I think Tom forgot to mention that the meeting about the travel itinerary has been moved to next week, and now everyone is confused about the new schedule.",LONG_SENTENCES
alredy man,already man,SHORT_TEXT
"i think Dacid forgot to mention that the meeting about te upcoming exam has been moved to next week, and niw everyone is confused about the new schedule.","I think David forgot to mention that the meeting about the upcoming exam has been moved to next week, and now everyone is confused about the new schedule.",LONG_SENTENCES
smwhr,somewhere,COMMON_TYPING_ERRORS
nd pls,and pls,SHORT_TEXT
tbh cnt lol,tbh can't lol,REAL_CHAT_MESSAGES
wth,with,KEYBOARD_ADJACENCY
"afetr spejding almost there hours at tne gym, Aisha finally admitted that hte project dedline wzs much more complicated thn anyone had originally expected.","After spending almost three hours at the gym, Aisha finally admitted that the project deadline was much more complicated than anyone had originally expected.",LONG_SENTENCES
prwsent,present,KEYBOARD_ADJACENCY
sorta man,sort of man,SHORT_TEXT
nobody really undrstod why Nina decided to chnge teh clisnt meeting at te last minue withut tllng anyone else who ws workihg on tbe sane project.,Nobody really understood why Nina decided to change the client meeting at the last minute without telling anyone else who was working on the same project.,HARD_REAL_USER_TYPING
however we still need to finish,"However, we still need to finish.",PUNCTUATION
equiped,equipped,SINGLE_WORD_SPELLING
I knowlege this.,I knowledge this.,SINGLE_WORD_SPELLING
hav pls,have pls,SHORT_TEXT
Maria has finish the report on the football match.,Maria has finished the report on the football match.,GRAMMAR_ONLY
txt now,text now,SHORT_TEXT
"welp, dis?","well, this?",REAL_CHAT_MESSAGES
the whole team including Wei stayed late at the city center becaue hte clietn meeting needed to be finished before the dealine that was set fpr tomorrow morning.,The whole team including Wei stayed late at the city center because the client meeting needed to be finished before the deadline that was set for tomorrow morning.,LONG_SENTENCES
the whole team includng Mohammed stayed late at teh train statino because the rent payment neeedd to be finished begore the deadline htat was srt flr tomorrow morning.,The whole team including Mohammed stayed late at the train station because the rent payment needed to be finished before the deadline that was set for tomorrow morning.,HARD_REAL_USER_TYPING
we hav 100% confidance,we have 100% confidence,NUMBERS_SYMBOLS
the pipe is made of lead,the pipe is made of lead,AMBIGUOUS_CONTEXT
irrelevent,irrelevant,SINGLE_WORD_SPELLING
vissible,visible,SINGLE_WORD_SPELLING
nvr now,never now,SHORT_TEXT
"even tough Fatima worked relly hard on tue software update, the manager said teh report stlil nweded several corrections before it cohld be sent to the client.","Even though Fatima worked really hard on the software update, the manager said the report still needed several corrections before it could be sent to the client.",HARD_REAL_USER_TYPING
inclde,include,KEYBOARD_ADJACENCY
arriev,arrive,KEYBOARD_ADJACENCY
raj was trying to explain the client meeting to the team but kept making mistakes because he was typng too fast on his phone while wlking to the bank.,Raj was trying to explain the client meeting to the team but kept making mistakes because he was typing too fast on his phone while walking to the bank.,LONG_SENTENCES
relevent,relevant,SINGLE_WORD_SPELLING
can i help you,Can i help you?,PUNCTUATION
sge doesn't like apples,She doesn't like apples.,MULTIPLE_ERRORS
i hzve a car,I have a car.,SPELLING_GRAMMAR
cant going to the store,can't going to the store,CONTRACTIONS
how ever hard i try,however hard I try,WORD_BOUNDARY_ERRORS
she has been workig since morming,She has been working since morning.,SPELLING_GRAMMAR
wht time is the meeting tmrrow,what time is the meeting tomorrow,HARD_REAL_USER_TYPING
nbdy realy understood wuy Sarah decided to chnge the ercipe at the last minute wthut telling anyone ele who was workng on teh same project.,Nobody really understood why Sarah decided to change the recipe at the last minute without telling anyone else who was working on the same project.,HARD_REAL_USER_TYPING
She is knowing the answer.,She knows the answer.,GRAMMAR_ONLY
btw i think so,by the way i think so,COMMON_TYPING_ERRORS
we wer goin to the markt,we were going to the market,SPELLING_GRAMMAR
i think hadnt right,i think hadn't right,CONTRACTIONS
variuos,various,KEYBOARD_ADJACENCY
beczuse,because,KEYBOARD_ADJACENCY
friwnd,friend,KEYBOARD_ADJACENCY
whr,where,COMMON_TYPING_ERRORS
He don't understand the client meeting.,He doesn't understand the client meeting.,GRAMMAR_ONLY
tbh btw lol,tbh by the way lol,REAL_CHAT_MESSAGES
My sister plan ahead.,My sister plan ahead.,IDENTITY
bro yrs fr,bro years fr,REAL_CHAT_MESSAGES
kinda that is true,kind of that is true,COMMON_TYPING_ERRORS
there aer many peoole here,There are many people here.,MULTIPLE_ERRORS
tbh yrs lol,tbh years lol,REAL_CHAT_MESSAGES
shud that is true,should that is true,COMMON_TYPING_ERRORS
ocurred,occurred,SINGLE_WORD_SPELLING
usggest,suggest,KEYBOARD_ADJACENCY
piya and I were discussnig the projct deadline on our wzy to the train station when suddenly the phone ided and we lost half of the imoprtant notes we had taken.,Priya and I were discussing the project deadline on our way to the train station when suddenly the phone died and we lost half of the important notes we had taken.,LONG_SENTENCES
my mother cooks dinner every night,My mother cooks dinner every night.,SPELLING_GRAMMAR
The students attend the meeting.,The students attend the meeting.,IDENTITY
you clean the huse,You clean the house.,MULTIPLE_ERRORS
mke that is true,make that is true,COMMON_TYPING_ERRORS
perfekt but whr tho,perfect but where tho,REAL_CHAT_MESSAGES
arrve,arrive,KEYBOARD_ADJACENCY
the news is very bad today,The news is very bad today.,SPELLING_GRAMMAR
"after spending alnost three hours at the prak, Tom finally admitted htat the wedding plans was much mre complicated than anyone had originally expected.","After spending almost three hours at the park, Tom finally admitted that the wedding plans was much more complicated than anyone had originally expected.",LONG_SENTENCES
you can stay stay,you can stay,REPEATED_WORDS
lisa was trying to explan the football match to the team but kept making mistakes ebcause he was typing too fast on his phone wihle wlking to tbe office.,Lisa was trying to explain the football match to the team but kept making mistakes because he was typing too fast on his phone while walking to the office.,LONG_SENTENCES
bro hlp fr,bro help fr,REAL_CHAT_MESSAGES
the team is winning te match,The team is winning the match.,SPELLING_GRAMMAR
te whole team including Ana stayed late at colldge becuse the project deadline needed to be fiinshed before teh deadline that was set for tomorrow morning.,The whole team including Anna stayed late at college because the project deadline needed to be finished before the deadline that was set for tomorrow morning.,LONG_SENTENCES
the team is wijning the match,The team is winning the match.,SPELLING_GRAMMAR
she knpws the answer,She knows the answer.,SPELLING_GRAMMAR
"i tink Kevin forgot to mentjon that the emeting about tge contract terms has been mved to next weke, and now everyone is confusd abput tue nww scuedule.","I think Kevin forgot to mention that the meeting about the contract terms has been moved to next week, and now everyone is confused about the new schedule.",HARD_REAL_USER_TYPING
It has finish the report on the weather.,It has finished the report on the weather.,GRAMMAR_ONLY
He has finish the report on the client meeting.,He has finished the report on the client meeting.,GRAMMAR_ONLY
remajn,remain,KEYBOARD_ADJACENCY
arguement,argument,SINGLE_WORD_SPELLING
he should should know,he should know,REPEATED_WORDS
this this is wrong,this is wrong,REPEATED_WORDS
what time is it,What time is it?,PUNCTUATION
The conference will be held online this year.,The conference will be held online this year.,IDENTITY
congrts,congrats,SHORT_TEXT
"i think Mohammed forgot to mention that the meetig about the sotware update has been moged to next week, and onw evryne is confused about the new schedule.","I think Mohammed forgot to mention that the meeting about the software update has been moved to next week, and now everyone is confused about the new schedule.",LONG_SENTENCES
exercie,exercise,KEYBOARD_ADJACENCY
It don't understand the recipe.,It doesn't understand the recipe.,GRAMMAR_ONLY
i met president obama once,I met President Obama once,CAPITALIZATION
i swaer I snet it already,I swear I sent it already,HARD_REAL_USER_TYPING
I attend the meeting.,I attend the meeting.,IDENTITY
arrjve,arrive,KEYBOARD_ADJACENCY
msg i think so,message i think so,COMMON_TYPING_ERRORS
hapn but tht tho,happen but that tho,REAL_CHAT_MESSAGES
My brother didn't went to the train station.,My brother didn't go to the train station.,GRAMMAR_ONLY
pldase help me as sono as possible,please help me as soon as possible,HARD_REAL_USER_TYPING
sam and I were discussing the travel itinerary on our way to the airport when suddenly tbe phone ded ajd we lost half of the importamt notes we had taken.,Sam and I were discussing the travel itinerary on our way to the airport when suddenly the phone died and we lost half of the important notes we had taken.,LONG_SENTENCES
the bridge wqs buiot ovr a hundrd years ago,The bridge was built over a hundred years ago.,MULTIPLE_ERRORS
he scored 90% on the tst,he scored 90% on the test,NUMBERS_SYMBOLS
"when we arrived at hte bank yesterday, Omar otld us that the contract terms had changed completely and nobody had bthered to inform the rest of te team.","When we arrived at the bank yesterday, Omar told us that the contract terms had changed completely and nobody had bothered to inform the rest of the team.",LONG_SENTENCES
i bought 9 appls,I bought 9 apples,NUMBERS_SYMBOLS
the conference will be held onkine this year,The conference will be held online this year.,MULTIPLE_ERRORS
bro wnt fr,bro want fr,REAL_CHAT_MESSAGES
pcture,picture,KEYBOARD_ADJACENCY
The manager were at the office this morning.,The manager was at the office this morning.,GRAMMAR_ONLY
alredy i think so,already i think so,COMMON_TYPING_ERRORS
bro gimme fr,bro give me fr,REAL_CHAT_MESSAGES
the whole team including Julia stayed ltae at teh park because the waether neded to be finishd before the deadline that was set for tomorrow morning.,The whole team including Julia stayed late at the park because the weather needed to be finished before the deadline that was set for tomorrow morning.,LONG_SENTENCES
thnk u,thank you,SHORT_TEXT
"even though Fatima worked really hsrd on the conract terms, the managsr said te repoet still needde several correctins before it could be snt to the client.","Even though Fatima worked really hard on the contract terms, the manager said the report still needed several corrections before it could be sent to the client.",HARD_REAL_USER_TYPING
ive too late now,I've too late now,CONTRACTIONS
i swr that,i swear that,COMMON_TYPING_ERRORS
they wwre at tne party,They were at the party.,MULTIPLE_ERRORS
"after spending almost three hpurs at work, Kevin finally admitted that the wedding plns wsa much more complicated than anyone had originaly expected.","After spending almost three hours at work, Kevin finally admitted that the wedding plans was much more complicated than anyone had originally expected.",LONG_SENTENCES
ty i think so,thank you i think so,COMMON_TYPING_ERRORS
smple but omw tho,simple but on my way tho,REAL_CHAT_MESSAGES
We talked be cause of you.,We talked because of you.,WORD_BOUNDARY_ERRORS
tym man,time man,SHORT_TEXT
tht but mst tho,that but must tho,REAL_CHAT_MESSAGES
recieved,received,SINGLE_WORD_SPELLING
secratary,secretary,SINGLE_WORD_SPELLING
"even thgh Raj worked really hard on the client meeting, the manager said tbe rpeort stil needed ssveral crrectons ebfore it could be sent to the client.","Even though Raj worked really hard on the client meeting, the manager said the report still needed several corrections before it could be sent to the client.",HARD_REAL_USER_TYPING
we should agian now,we should again now,COMMON_TYPING_ERRORS
idk,I don't know,COMMON_TYPING_ERRORS
"when we arrived at the markwt yesterday, Kevin told us tnat the client meeting had changde completely and nobody had botherwd to inform the rest of the team.","When we arrived at the market yesterday, Kevin told us that the client meeting had changed completely and nobody had bothered to inform the rest of the team.",LONG_SENTENCES
three are many people here,There are many people here.,SPELLING_GRAMMAR
she booked a flight 4 next week,she booked a flight for next week,AMBIGUOUS_CONTEXT
they they will win,they will win,REPEATED_WORDS
predjudice,prejudice,SINGLE_WORD_SPELLING
"when we arrived at the park yesterday, Cralos told us that the software update had changed completely and nobody had botehred to iform hte rest of tbe team.","When we arrived at the park yesterday, Carlos told us that the software update had changed completely and nobody had bothered to inform the rest of the team.",LONG_SENTENCES
It didn't went to school.,It didn't go to school.,GRAMMAR_ONLY
nobody really understood why Omar dceided to chnge the contract terms at the last mnute withiut tslling anyone else who was working on the same project.,Nobody really understood why Omar decided to change the contract terms at the last minute without telling anyone else who was working on the same project.,LONG_SENTENCES
"evdn though Julia worked really hard on the weather, the managr said the report still needed sveral ckrrections before it could be sent to the client.","Even though Julia worked really hard on the weather, the manager said the report still needed several corrections before it could be sent to the client.",LONG_SENTENCES
sge knlws the answer,She knows the answer.,SPELLING_GRAMMAR
The manager clean the house.,The manager clean the house.,IDENTITY
"luv, cnt?","love, can't?",REAL_CHAT_MESSAGES
wud,would,COMMON_TYPING_ERRORS
eaxmple,example,KEYBOARD_ADJACENCY
The dog go to school every day.,The dog goes to school every day.,GRAMMAR_ONLY
david was trting to explani the travel itinerary to the team but kpet making mistakes becsuse he wsa typing too fast on his phone while walking to the city center.,David was trying to explain the travel itinerary to the team but kept making mistakes because he was typing too fast on his phone while walking to the city center.,LONG_SENTENCES
we were hpapy,We were happy.,SPELLING_GRAMMAR
She arrived in to the room.,She arrived into the room.,WORD_BOUNDARY_ERRORS
operafe,operate,KEYBOARD_ADJACENCY
David have a meeting about the new policy.,David has a meeting about the new policy.,GRAMMAR_ONLY
"when we arrived at the office yesterday, Liza told us tjat tje school assignment had changed completely abd nobody had botheded to ifnorm the rsst of te team.","When we arrived at the office yesterday, Lisa told us that the school assignment had changed completely and nobody had bothered to inform the rest of the team.",HARD_REAL_USER_TYPING
sry that is true,sorry that is true,COMMON_TYPING_ERRORS
tbey were at the party,They were at the party.,SPELLING_GRAMMAR
basicly,basically,SINGLE_WORD_SPELLING
wonderul,wonderful,KEYBOARD_ADJACENCY
ngl thnk rn,ngl think rn,REAL_CHAT_MESSAGES
"during the cll yesterday, Liea explained that the school assignment erquired more resources than originally planned, so the entire team had to rearrznge thier schedules.","During the call yesterday, Lisa explained that the school assignment required more resources than originally planned, so the entire team had to rearrange their schedules.",LONG_SENTENCES
"b4, watcha?","before, what are you?",REAL_CHAT_MESSAGES
the students work hard,The students work hard.,MULTIPLE_ERRORS
txt that is true,text that is true,COMMON_TYPING_ERRORS
idkkk maybe ur rite,"I don't know, maybe you're right",REAL_CHAT_MESSAGES
we celebrate christmas every year,We celebrate Christmas every year,CAPITALIZATION
be cause of you,because of you,WORD_BOUNDARY_ERRORS
adress,address,SINGLE_WORD_SPELLING
he allways forgett his keys,he always forgets his keys,SPELLING_GRAMMAR
I am agree with you.,I agree with you.,GRAMMAR_ONLY
he pln ahead,He plan ahead.,MULTIPLE_ERRORS
shes mad,she's mad,SHORT_TEXT
what are you doing,What are you doing?,PUNCTUATION
first lets review the plan,"First, let's review the plan.",PUNCTUATION
"wgen we arrived at tne city center yesterday, Omar told us that the client meeting had changed compldtely and nobdy had bothdred to inform the rest of te team.","When we arrived at the city center yesterday, Omar told us that the client meeting had changed completely and nobody had bothered to inform the rest of the team.",LONG_SENTENCES
nogody really understood why Nina decided to change te project deadline at the last minute withut tellng anyone else who was working on the same project.,Nobody really understood why Nina decided to change the project deadline at the last minute without telling anyone else who was working on the same project.,LONG_SENTENCES
"after spending almost htree hours at the warhouse, John finally admitted that teh upcming exam was much more complicated tban abyone had originally expectde.","After spending almost three hours at the warehouse, John finally admitted that the upcoming exam was much more complicated than anyone had originally expected.",HARD_REAL_USER_TYPING
"when we arrived at the library yestedray, nAna tlod us that the contrct terms had changed completely and nobody had bothered to iform the rest of the team.","When we arrived at the library yesterday, Anna told us that the contract terms had changed completely and nobody had bothered to inform the rest of the team.",LONG_SENTENCES
our tem rarive on time,Our team arrive on time.,MULTIPLE_ERRORS
youd,you'd,CONTRACTIONS
frankly this isnt working,"Frankly, this isn't working.",PUNCTUATION
They clean the house.,They clean the house.,IDENTITY
nieghbor,neighbor,SINGLE_WORD_SPELLING
relly,really,COMMON_TYPING_ERRORS
by the way did you call her,"By the way, did you call her?",PUNCTUATION
"even though Tom worked relly hard on the client meeitng, tue manager said the report still needed several corrctons before it cpuld be srnt to the clent.","Even though Tom worked really hard on the client meeting, the manager said the report still needed several corrections before it could be sent to the client.",HARD_REAL_USER_TYPING
abt,about,COMMON_TYPING_ERRORS
omg i cant believ this happend,"oh my god, I can't believe this happened",REAL_CHAT_MESSAGES
we were waiting for the bus,We were waiting for the bus.,MULTIPLE_ERRORS
repond,respond,KEYBOARD_ADJACENCY
they they have left,they have left,REPEATED_WORDS
alredy but bcoz tho,already but because tho,REAL_CHAT_MESSAGES
he was there there,he was there,REPEATED_WORDS
ercognize,recognize,KEYBOARD_ADJACENCY
se wakls to scholo every day,She walks to school every day.,SPELLING_GRAMMAR
My sister arrive on time.,My sister arrive on time.,IDENTITY
beleive,believe,SINGLE_WORD_SPELLING
writting,writing,SINGLE_WORD_SPELLING
omw now,on my way now,SHORT_TEXT
we visited the grand canyon in arizona,We visited the Grand Canyon in Arizona,CAPITALIZATION
"frgt, watcha?","forgot, what are you?",REAL_CHAT_MESSAGES
they wdre watchibg television,They were watching television.,MULTIPLE_ERRORS
needa but wrk tho,need to but work tho,REAL_CHAT_MESSAGES
wait for me please,"Wait for me, please.",PUNCTUATION
"czrlos mentioned that the new policy would rpobably be delayed agn, which made everyone at the train station extremely frustrated and worried about the consequencrs.","Carlos mentioned that the new policy would probably be delayed again, which made everyone at the train station extremely frustrated and worried about the consequences.",LONG_SENTENCES
tge students attend the meeting,The students attend the meeting.,MULTIPLE_ERRORS
the manager study every night,The manager study every night.,MULTIPLE_ERRORS
outta now,out of now,SHORT_TEXT
pls but txt tho,please but text tho,REAL_CHAT_MESSAGES
She don't like apples.,She doesn't like apples.,GRAMMAR_ONLY
i thnk we shud jst start ovr frm scrach honstly,"I think we should just start over from scratch, honestly",HARD_REAL_USER_TYPING
k but shud tho,okay but should tho,REAL_CHAT_MESSAGES
wnt?,want?,SHORT_TEXT
it rains a lot in htis ciy,It rains a lot in this city.,SPELLING_GRAMMAR
we read the newpaper,We read the newspaper.,MULTIPLE_ERRORS
tym,time,COMMON_TYPING_ERRORS
honestly the plant needs more watr,"Honestly, the plant needs more water",AMBIGUOUS_CONTEXT
we should prolly now,we should probably now,COMMON_TYPING_ERRORS
bro whr fr,bro where fr,REAL_CHAT_MESSAGES
evrytime i tri 2 fix it sumthng els brakes,"every time I try to fix it, something else breaks",HARD_REAL_USER_TYPING
Maria didn't went to school.,Maria didn't go to school.,GRAMMAR_ONLY
thats kinda sus ngl,"that's kind of suspicious, not gonna lie",REAL_CHAT_MESSAGES
"i tjink Fatima forot to mention that the meeting about the budget report has been moved to next ewek, and now everyone is confused about the new schedule.","I think Fatima forgot to mention that the meeting about the budget report has been moved to next week, and now everyone is confused about the new schedule.",LONG_SENTENCES
I calender this.,I calendar this.,SINGLE_WORD_SPELLING
"when we arrivd at the warehouse yesterday, Kevin told us that the new poljcy had changed completely and nohody had bothered to inform the rext of the team.","When we arrived at the warehouse yesterday, Kevin told us that the new policy had changed completely and nobody had bothered to inform the rest of the team.",LONG_SENTENCES
the news is vety bd today,The news is very bad today.,MULTIPLE_ERRORS
he ran 5 km this mornig,he ran 5 km this morning,NUMBERS_SYMBOLS
i am nt undrstndng wht u r tryng to say,I am not understanding what you are trying to say,HARD_REAL_USER_TYPING
he is busy busy,he is busy,REPEATED_WORDS
aquire,acquire,SINGLE_WORD_SPELLING
catagory,category,SINGLE_WORD_SPELLING
My brother don't understand the new policy.,My brother doesn't understand the new policy.,GRAMMAR_ONLY
"drng the call yesterday, Wri explauned that the fotball mtach rwquired more resoufces than originakly planned, so the entire team had to rearrange their schedules.","During the call yesterday, Wei explained that the football match required more resources than originally planned, so the entire team had to rearrange their schedules.",LONG_SENTENCES
we shud of told hr erlier,we should have told her earlier,SPELLING_GRAMMAR
the wbole team including Sraah styd late at teh airport because the road conditions needed to be finished before the deadline that was set for tmorrow morning.,The whole team including Sarah stayed late at the airport because the road conditions needed to be finished before the deadline that was set for tomorrow morning.,LONG_SENTENCES
wat next,what next,SHORT_TEXT
He cook dinner together.,He cook dinner together.,IDENTITY
mohammed was trying to explain the contract terms to the tam but kept making mistakes bcse he wsa typng too fast on his pohne while walking to the bank.,Mohammed was trying to explain the contract terms to the team but kept making mistakes because he was typing too fast on his phone while walking to the bank.,LONG_SENTENCES
no thing to do,nothing to do,WORD_BOUNDARY_ERRORS
the wohle team including Julia stayed late at home because the wddng plas needed to be finished bfre the deadline that was set for tomorrow motning.,The whole team including Julia stayed late at home because the wedding plans needed to be finished before the deadline that was set for tomorrow morning.,LONG_SENTENCES
you cook dinher together,You cook dinner together.,MULTIPLE_ERRORS
im literally so congused right now,I'm literally so confused right now,HARD_REAL_USER_TYPING
she is learning to play the violin,She is learning to play the violin.,MULTIPLE_ERRORS
hapen,happen,KEYBOARD_ADJACENCY
"after spending almot tjree hours at work, Sam finally admitted that the weather wss much more complicated than anyone had originally expected.","After spending almost three hours at work, Sam finally admitted that the weather was much more complicated than anyone had originally expected.",LONG_SENTENCES
can not,cannot,WORD_BOUNDARY_ERRORS
he was sifk lsat wek,He was sick last week.,MULTIPLE_ERRORS
cnt that is true,can't that is true,COMMON_TYPING_ERRORS
i think couldnt right,i think couldn't right,CONTRACTIONS
he repaired the leaking faicet hmself,He repaired the leaking faucet himself.,MULTIPLE_ERRORS
vry,very,COMMON_TYPING_ERRORS
uOr tm arrive on time,Our team arrive on time.,MULTIPLE_ERRORS
whos,who's,CONTRACTIONS
David doesn't have no idea about the budget report.,David doesn't have any idea about the budget report.,GRAMMAR_ONLY
the whole team includng Wri stayed late at the wrehse because tje football macth eneded to be finished before the deadline tht ws set for tomorrow morning.,The whole team including Wei stayed late at the warehouse because the football match needed to be finished before the deadline that was set for tomorrow morning.,HARD_REAL_USER_TYPING
subjeft,subject,KEYBOARD_ADJACENCY
im rly sry abt yesturday,I'm really sorry about yesterday,REAL_CHAT_MESSAGES
im litrally so confusd rn,I'm literally so confused right now,REAL_CHAT_MESSAGES
the nwes is very bad tday,The news is very bad today.,SPELLING_GRAMMAR
The dog don't understand the upcoming exam.,The dog doesn't understand the upcoming exam.,GRAMMAR_ONLY
It don't understand the football match.,It doesn't understand the football match.,GRAMMAR_ONLY
Maria go to the park every day.,Maria goes to the park every day.,GRAMMAR_ONLY
vaccuum,vacuum,SINGLE_WORD_SPELLING
nobody really understood why Sam decided to change teh budget report at the last minute withuot tellibg anyone else who was working on the same project.,Nobody really understood why Sam decided to change the budget report at the last minute without telling anyone else who was working on the same project.,LONG_SENTENCES
"after spending almost three hours at tbe city cntr, Carlos fnally admitted that the new policy was much more complicated thn anyone had orignally expected.","After spending almost three hours at the city center, Carlos finally admitted that the new policy was much more complicated than anyone had originally expected.",LONG_SENTENCES
seperate,separate,SINGLE_WORD_SPELLING
i thx that,i thanks that,COMMON_TYPING_ERRORS
it dosn't mayter to me,It doesn't matter to me.,SPELLING_GRAMMAR
We talked out side the house.,We talked outside the house.,WORD_BOUNDARY_ERRORS
"i thonk Sarah fogot to menton that the meetig about the project deadline hs bene moved to next week, abd now evdryone is confused baout the new schexule.","I think Sarah forgot to mention that the meeting about the project deadline has been moved to next week, and now everyone is confused about the new schedule.",HARD_REAL_USER_TYPING
prob that is true,probably that is true,COMMON_TYPING_ERRORS
te students were stdying hard,The students were studying hard.,SPELLING_GRAMMAR
mattr,matter,KEYBOARD_ADJACENCY
tbh hapn lol,tbh happen lol,REAL_CHAT_MESSAGES
we are ready ready,we are ready,REPEATED_WORDS
when will you arrive,When will you arrive?,PUNCTUATION
wat tym is the metng 2morow,what time is the meeting tomorrow,REAL_CHAT_MESSAGES
She arrived no where to go.,She arrived nowhere to go.,WORD_BOUNDARY_ERRORS
tnis conversation is getting weird,this conversation is getting weird,HARD_REAL_USER_TYPING
she always makes misgakes,She always makes mistakes.,SPELLING_GRAMMAR
aSrah nad I were discussing te contract terms on our way to college whn suddenly te phone dide ajd we lost half of the imporant ntes we had taken.,Sarah and I were discussing the contract terms on our way to college when suddenly the phone died and we lost half of the important notes we had taken.,HARD_REAL_USER_TYPING
my favoirte color is blje,My favorite color is blue.,MULTIPLE_ERRORS
wanna,want to,COMMON_TYPING_ERRORS
The library is closed on public holidays.,The library is closed on public holidays.,IDENTITY
my parnts ae comung today,My parents are coming today.,SPELLING_GRAMMAR
maria was trying to explain the rent payment to the team but kpt msking mistks because he was tyoing too fast on his phone wile walking to the hospitl.,Maria was trying to explain the rent payment to the team but kept making mistakes because he was typing too fast on his phone while walking to the hospital.,HARD_REAL_USER_TYPING
i no dis sonds confusng bt jst trust me on dis 1,I know this sounds confusing but just trust me on this one,HARD_REAL_USER_TYPING
The store is having a sale this weekend.,The store is having a sale this weekend.,IDENTITY
he repaired the leaking faucet himself,He repaired the leaking faucet himself.,MULTIPLE_ERRORS
i don't uderstand this,I don't understand this.,SPELLING_GRAMMAR
The manager enjoy the weekend.,The manager enjoy the weekend.,IDENTITY
he was sik lsst week,He was sick last week.,SPELLING_GRAMMAR
any time soon,anytime soon,WORD_BOUNDARY_ERRORS
The manager attend the meeting.,The manager attend the meeting.,IDENTITY
we should wat now,we should what now,COMMON_TYPING_ERRORS
the cmpany released its annual report,The company released its annual report.,MULTIPLE_ERRORS
i bought 6 ticets,I bought 6 tickets,NUMBERS_SYMBOLS
they attend the meeting,They attend the meeting.,MULTIPLE_ERRORS
threshhold,threshold,SINGLE_WORD_SPELLING
unforseen,unforeseen,SINGLE_WORD_SPELLING
He didn't went to the hospital.,He didn't go to the hospital.,GRAMMAR_ONLY
the stoe is having a sale this weekend,The store is having a sale this weekend.,MULTIPLE_ERRORS
mornimg,morning,KEYBOARD_ADJACENCY
qstn that is true,question that is true,COMMON_TYPING_ERRORS
ur now,your now,SHORT_TEXT
honestly the company will fire him if he is lat agian,"Honestly, the company will fire him if he is late again",AMBIGUOUS_CONTEXT
tyranny,tyranny,SINGLE_WORD_SPELLING
evry,every,COMMON_TYPING_ERRORS
each of the students has a bkok,Each of the students has a book.,SPELLING_GRAMMAR
"i thnik Saah fotgot to mention tht the meeting about the new policy hqs been moved to next wek, and now everyone is confueed abotu tye nw schdule.","I think Sarah forgot to mention that the meeting about the new policy has been moved to next week, and now everyone is confused about the new schedule.",HARD_REAL_USER_TYPING
pharoah,pharaoh,SINGLE_WORD_SPELLING
We talked any more.,We talked anymore.,WORD_BOUNDARY_ERRORS
"whn we arrivrd at tne wzrehouse yesterday, Anna tlod us that the new poljcy had changed completely and nobody hqd botherd to inofrm the rst of hte team.","When we arrived at the warehouse yesterday, Anna told us that the new policy had changed completely and nobody had bothered to inform the rest of the team.",HARD_REAL_USER_TYPING
sorta i think so,sort of i think so,COMMON_TYPING_ERRORS
The price of vegetables are rising.,The price of vegetables is rising.,GRAMMAR_ONLY
"mohammed mentioned that the ulcoming exam woupd probably be delayed again, which made everyone at the gym extremely frustrated and worried about the consequences.","Mohammed mentioned that the upcoming exam would probably be delayed again, which made everyone at the gym extremely frustrated and worried about the consequences.",LONG_SENTENCES
my sister study evrry night,My sister study every night.,MULTIPLE_ERRORS
nthg,nothing,COMMON_TYPING_ERRORS
inaccurate,inaccurate,SINGLE_WORD_SPELLING
dis?,this?,SHORT_TEXT
hes not responeing to my texts,he's not responding to my texts,HARD_REAL_USER_TYPING
presnt,present,KEYBOARD_ADJACENCY
i evrybody that,i everybody that,COMMON_TYPING_ERRORS
tye ptice of vgtabls is rising,The price of vegetables is rising.,SPELLING_GRAMMAR
im out,I'm out,SHORT_TEXT
i dn't understamd this,I don't understand this.,SPELLING_GRAMMAR
we don't hqve time for this,We don't have time for this.,SPELLING_GRAMMAR
he ws sick last weke,He was sick last week.,SPELLING_GRAMMAR
"during hte call yesterday, Carlos explained that te contract terms required more resources tgan originally planned, so the entite taem had to rearrange thr schedules.","During the call yesterday, Carlos explained that the contract terms required more resources than originally planned, so the entire team had to rearrange their schedules.",LONG_SENTENCES
hlday,holiday,KEYBOARD_ADJACENCY
"aftre spnding almost three hours at the warehouse, Jonh finally damitted that hte upcoming esam wqs much more complicated thna anyone had originally expected.","After spending almost three hours at the warehouse, John finally admitted that the upcoming exam was much more complicated than anyone had originally expected.",HARD_REAL_USER_TYPING
every thing it happened.,everything it happened.,WORD_BOUNDARY_ERRORS
we we are ready,we are ready,REPEATED_WORDS
hasnt,hasn't,CONTRACTIONS
"wknd, wat?","weekend, what?",REAL_CHAT_MESSAGES
"druing the call yedterday, Sarah explind thzt the rent pqyment reuired mire resources than originakly planned, so tje entkre team had to rearrange their schedules.","During the call yesterday, Sarah explained that the rent payment required more resources than originally planned, so the entire team had to rearrange their schedules.",HARD_REAL_USER_TYPING
"during the cqll yesterday, Nina explained that the nw policy requirwd more resources than origonally planned, so the entire team had to rearrange teir schedules.","During the call yesterday, Nina explained that the new policy required more resources than originally planned, so the entire team had to rearrange their schedules.",LONG_SENTENCES
i dln't understand this,I don't understand this.,SPELLING_GRAMMAR
"aftre spenidng almost three hojrs at the mrkt, Omar finally admitted tyat the wedding plans was much mire complicated than anyone had originally expected.","After spending almost three hours at the market, Omar finally admitted that the wedding plans was much more complicated than anyone had originally expected.",LONG_SENTENCES
my brother adn sister aee here,My brother and sister are here.,MULTIPLE_ERRORS
i bought 1 pencls,I bought 1 pencils,NUMBERS_SYMBOLS
tbh whr lol,tbh where lol,REAL_CHAT_MESSAGES
i agee wirh you,I agree with you.,MULTIPLE_ERRORS
it doesn't mattr to me,It doesn't matter to me.,SPELLING_GRAMMAR
i go to the ygm every morning,I go to the gym every morning.,SPELLING_GRAMMAR
ofcice,office,KEYBOARD_ADJACENCY
under neath the table,underneath the table,WORD_BOUNDARY_ERRORS
my parents ae coming today,My parents are coming today.,SPELLING_GRAMMAR
dunno pls,don't know pls,SHORT_TEXT
can we resched 4 nxt wek,can we reschedule for next week,REAL_CHAT_MESSAGES
tue software pudate fixed several bugs,The software update fixed several bugs.,MULTIPLE_ERRORS
its 3 km frm here,it's 3 km from here,NUMBERS_SYMBOLS
the students work ahrd,The students work hard.,MULTIPLE_ERRORS
David were at the market this morning.,David was at the market this morning.,GRAMMAR_ONLY
we wre hppy,We were happy.,MULTIPLE_ERRORS
subtley,subtly,SINGLE_WORD_SPELLING
each of te students has a book,Each of the students has a book.,MULTIPLE_ERRORS
i have a cr,I have a car.,SPELLING_GRAMMAR
smple but knw tho,simple but know tho,REAL_CHAT_MESSAGES
whr that is true,where that is true,COMMON_TYPING_ERRORS
indispensible,indispensable,SINGLE_WORD_SPELLING
omr ad I were dscssng tye new policy on or way to hoe when suddenly tge phine died and we lsot ahlf of hte important notes we had tsken.,Omar and I were discussing the new policy on our way to home when suddenly the phone died and we lost half of the important notes we had taken.,HARD_REAL_USER_TYPING
bro watcha fr,bro what are you fr,REAL_CHAT_MESSAGES
"drng teh call yetserday, Maria explained that teh football matvh rqeuired mpre resoutces tuan oribinally planned, so the enture tezm hda to rearrange their shcedules.","During the call yesterday, Maria explained that the football match required more resources than originally planned, so the entire team had to rearrange their schedules.",HARD_REAL_USER_TYPING
i needa that,i need to that,COMMON_TYPING_ERRORS
perfekt that is true,perfect that is true,COMMON_TYPING_ERRORS
truely,truly,SINGLE_WORD_SPELLING
undrstnd but perfekt tho,understand but perfect tho,REAL_CHAT_MESSAGES
They are planning a trip to Japan next month.,They are planning a trip to Japan next month.,IDENTITY
doesnt,doesn't,CONTRACTIONS
alredy,already,COMMON_TYPING_ERRORS
nobody really understood wy Mark decded to change the weather at the lsat minute without tellig anyone else who was working on tne same project.,Nobody really understood why Mark decided to change the weather at the last minute without telling anyone else who was working on the same project.,LONG_SENTENCES
my father works in a abnk,My father works in a bank.,SPELLING_GRAMMAR
i hav not finsh my wrk,I have not finished my work,SPELLING_GRAMMAR
in to the room,into the room,WORD_BOUNDARY_ERRORS
seh alawys makes mistakes,She always makes mistakes.,SPELLING_GRAMMAR
grammer,grammar,SINGLE_WORD_SPELLING
freind,friend,SINGLE_WORD_SPELLING
gng,going,KEYBOARD_ADJACENCY
"even thuogh Nina worked really hard on the project deadline, the manager sajd the report still needed sevrral correctons before it could be sent to tje client.","Even though Nina worked really hard on the project deadline, the manager said the report still needed several corrections before it could be sent to the client.",LONG_SENTENCES
"i think Aisha forgot to mention that the meeting about the upcoming exam has ben moved to nxt week, and now everyone is confused about the new schedule.","I think Aisha forgot to mention that the meeting about the upcoming exam has been moved to next week, and now everyone is confused about the new schedule.",LONG_SENTENCES
i r that,i are that,COMMON_TYPING_ERRORS
"when we arrivde at hte market yesterday, Fatima told us tht the budget reprt hsd changd completeyl amd nobody hzd botehred to inform teh erst of teh tem.","When we arrived at the market yesterday, Fatima told us that the budget report had changed completely and nobody had bothered to inform the rest of the team.",HARD_REAL_USER_TYPING
hez bin tryng to fx this al mornig bt nthg wrks,he's been trying to fix this all morning but nothing works,HARD_REAL_USER_TYPING
persistant,persistent,SINGLE_WORD_SPELLING
wei and I were discussing teh weather on our way to home when suddenly tye phone died adn we lost haf of the important nts we had tkn.,Wei and I were discussing the weather on our way to home when suddenly the phone died and we lost half of the important notes we had taken.,LONG_SENTENCES
they don't agree with the plan,They don't agree with the plan.,MULTIPLE_ERRORS
rythym,rhythm,SINGLE_WORD_SPELLING
shes a good idea,she's a good idea,CONTRACTIONS
they have finished thir homework,They have finished their homework.,MULTIPLE_ERRORS
ty,thank you,COMMON_TYPING_ERRORS
they have left left,they have left,REPEATED_WORDS
The teacher have went to home already.,The teacher has gone to home already.,GRAMMAR_ONLY
You enjoy the weekend.,You enjoy the weekend.,IDENTITY
they wuz lat fr the metng,they were late for the meeting,SPELLING_GRAMMAR
sarah adn I wre discussnig the project dealine on our way to the train station whn suddenly the phone died and we olst half of the iportant notes we had takn.,Sarah and I were discussing the project deadline on our way to the train station when suddenly the phone died and we lost half of the important notes we had taken.,LONG_SENTENCES
well i guess youre right,"Well, I guess you're right.",PUNCTUATION
indicafe,indicate,KEYBOARD_ADJACENCY
he speaks english very well,He speaks English very well.,SPELLING_GRAMMAR
minue,minute,KEYBOARD_ADJACENCY
hlp but aint tho,help but isn't tho,REAL_CHAT_MESSAGES
invove,involve,KEYBOARD_ADJACENCY
exilerate,exhilarate,SINGLE_WORD_SPELLING
watch out,Watch out!,PUNCTUATION
we should jst now,we should just now,COMMON_TYPING_ERRORS
the manager wrk hsrd,The manager work hard.,MULTIPLE_ERRORS
theyve too late now,they've too late now,CONTRACTIONS
unfourtunately,unfortunately,SINGLE_WORD_SPELLING
the meeting starts at inne o'clock,The meeting starts at nine o'clock.,MULTIPLE_ERRORS
I rennovate this.,I renovate this.,SINGLE_WORD_SPELLING
after all it worked,"after all, it worked",WORD_BOUNDARY_ERRORS
"wrng, yea?","wrong, yeah?",REAL_CHAT_MESSAGES
"after spending almost trhee hours at the arport, Mara fnially admited that the recipe was much mire complicated tahn anyone had originally expected.","After spending almost three hours at the airport, Maria finally admitted that the recipe was much more complicated than anyone had originally expected.",LONG_SENTENCES
she tavel otfen,She travel often.,MULTIPLE_ERRORS
nobdy relaly understood why Nina decided to change the rent payment at the lqst minute iwthout telling anyone else who was working on the same project.,Nobody really understood why Nina decided to change the rent payment at the last minute without telling anyone else who was working on the same project.,LONG_SENTENCES
thsee shes are too small,These shoes are too small.,SPELLING_GRAMMAR
hse walls to shcool every day,She walks to school every day.,SPELLING_GRAMMAR
He plays football every Sunday.,He plays football every Sunday.,IDENTITY
"when we arrived at the office ysterday, Tom told us that the travel itinerary had changed completely and nobody had bothered to inform the rest of the tam.","When we arrived at the office yesterday, Tom told us that the travel itinerary had changed completely and nobody had bothered to inform the rest of the team.",LONG_SENTENCES
they stdy evedy night,They study every night.,MULTIPLE_ERRORS
bcoz,because,COMMON_TYPING_ERRORS
the great wall of china is huge,The Great Wall of China is huge,CAPITALIZATION
teh students wre studying hard,The students were studying hard.,SPELLING_GRAMMAR
we don't have tie for this,We don't have time for this.,SPELLING_GRAMMAR
y tho,why though,SHORT_TEXT
"priya mentioned that the school assignment wold probably be delayed again, which mae everynoe at wrok extremely frustrated ad woried about the consequences.","Priya mentioned that the school assignment would probably be delayed again, which made everyone at work extremely frustrated and worried about the consequences.",LONG_SENTENCES
tym i think so,time i think so,COMMON_TYPING_ERRORS
kevin was trying to explain tge school assignment to the taem but kept making mistakes bcase he aws typing too fast on his phobe while walking to the city center.,Kevin was trying to explain the school assignment to the team but kept making mistakes because he was typing too fast on his phone while walking to the city center.,LONG_SENTENCES
she speks three lsnguages fluently,She speaks three languages fluently.,MULTIPLE_ERRORS
"wehn we arrkved at the airpoft eysterday, Omar told us that the rent payment hd changed completely ad nobody ahd bothered to inform the rest of the tem.","When we arrived at the airport yesterday, Omar told us that the rent payment had changed completely and nobody had bothered to inform the rest of the team.",LONG_SENTENCES
wknd pls,weekend pls,SHORT_TEXT
will you join us,Will you join us?,PUNCTUATION
she hsa a enw phone,She has a new phone.,MULTIPLE_ERRORS
preceeding,preceding,SINGLE_WORD_SPELLING
symetry,symmetry,SINGLE_WORD_SPELLING
we wre happy,We were happy.,SPELLING_GRAMMAR
statuon,station,KEYBOARD_ADJACENCY
pefhaps,perhaps,KEYBOARD_ADJACENCY
yr that is true,year that is true,COMMON_TYPING_ERRORS
"wknd, tym?","weekend, time?",REAL_CHAT_MESSAGES
My parents is coming today.,My parents are coming today.,GRAMMAR_ONLY
we ned 2 finish dis b4 the cliant calls us bak,we need to finish this before the client calls us back,HARD_REAL_USER_TYPING
"i thimk John forgot to mention that the meting about the travel itinerary hsa bn moved to next week, and now everyone is confused about the ndw schrdule.","I think John forgot to mention that the meeting about the travel itinerary has been moved to next week, and now everyone is confused about the new schedule.",LONG_SENTENCES
questionaire,questionnaire,SINGLE_WORD_SPELLING
he speaks english and spanish,He speaks English and Spanish,CAPITALIZATION
"not gonna lei, this is pretty colo","not gonna lie, this is pretty cool",HARD_REAL_USER_TYPING
luv,love,COMMON_TYPING_ERRORS
this is dubai,This is Dubai,CAPITALIZATION
evry man,every man,SHORT_TEXT
gemerate,generate,KEYBOARD_ADJACENCY
youll,you'll,CONTRACTIONS
i bought 28 appls,I bought 28 apples,NUMBERS_SYMBOLS
The dogs is barking loudly.,The dogs are barking loudly.,GRAMMAR_ONLY
he goes to scbool,He goes to school.,SPELLING_GRAMMAR
It didn't went to work.,It didn't go to work.,GRAMMAR_ONLY
do you like coffee,Do you like coffee?,PUNCTUATION
xeamine,examine,KEYBOARD_ADJACENCY
id too late now,I'd too late now,CONTRACTIONS
the whle tema includng Wei stayed lte at te train sttaion because the new oplicy needed to be finihed before the dadline that wss set for tomorow morning.,The whole team including Wei stayed late at the train station because the new policy needed to be finished before the deadline that was set for tomorrow morning.,HARD_REAL_USER_TYPING
preseht,present,KEYBOARD_ADJACENCY
there are many prople here,There are many people here.,SPELLING_GRAMMAR
"wen we arrved at tue city cetner yesterday, Kvin told us thst te software updae hd changed completeky and nobofy hd bohered to inform tbe ret of the team.","When we arrived at the city center yesterday, Kevin told us that the software update had changed completely and nobody had bothered to inform the rest of the team.",HARD_REAL_USER_TYPING
tbh prty lol,tbh pretty lol,REAL_CHAT_MESSAGES
"yea, tmrw?","yeah, tomorrow?",REAL_CHAT_MESSAGES
The students study every night.,The students study every night.,IDENTITY
i need 10 mins to get redy,I need 10 minutes to get ready,NUMBERS_SYMBOLS
thdy wre watching television,They were watching television.,SPELLING_GRAMMAR
she havent call me bak,she hasn't called me back,SPELLING_GRAMMAR
"i think Raj forgt to mnetion that the meeting abut the recipe has been moved to nezt week, and onw everyone is confused aboht the new schedule.","I think Raj forgot to mention that the meeting about the recipe has been moved to next week, and now everyone is confused about the new schedule.",HARD_REAL_USER_TYPING
tis pap keps crashing on me,this app keeps crashing on me,HARD_REAL_USER_TYPING
i watched the new marvel movie,I watched the new Marvel movie,CAPITALIZATION
strt,start,COMMON_TYPING_ERRORS
"i think Omqr forgot to mention thst the mweting abuot tbe football match ahs bene moved to nwxt ewek, and onw evergone is confused about te new schedule.","I think Omar forgot to mention that the meeting about the football match has been moved to next week, and now everyone is confused about the new schedule.",HARD_REAL_USER_TYPING
indiczte,indicate,KEYBOARD_ADJACENCY
i bought 70 pencls,I bought 70 pencils,NUMBERS_SYMBOLS
kevjn and I were discussing the project deadline on our way to colelge when suddenly the phone died ahd we lost half of the important nofes we had taken.,Kevin and I were discussing the project deadline on our way to college when suddenly the phone died and we lost half of the important notes we had taken.,LONG_SENTENCES
neice,niece,SINGLE_WORD_SPELLING
atm now,at the moment now,SHORT_TEXT
he hs gnoe to the maeket,He has gone to the market.,SPELLING_GRAMMAR
i live in mexico,I live in Mexico,CAPITALIZATION
bro thx fr,bro thanks fr,REAL_CHAT_MESSAGES
comming,coming,SINGLE_WORD_SPELLING
i bought 82 pencls,I bought 82 pencils,NUMBERS_SYMBOLS
The software update fixed several bugs.,The software update fixed several bugs.,IDENTITY
"after spending almost tree hours at te offie, Wei finally admitted thst the software pudate wsa mich mofe complicated tban anyome hda originally expeced.","After spending almost three hours at the office, Wei finally admitted that the software update was much more complicated than anyone had originally expected.",HARD_REAL_USER_TYPING
oru team read the newspper,Our team read the newspaper.,MULTIPLE_ERRORS
Tom have went to the train station already.,Tom has gone to the train station already.,GRAMMAR_ONLY
the students were studying haed,The students were studying hard.,MULTIPLE_ERRORS
why me,why me,SHORT_TEXT
"hapn, cud?","happen, could?",REAL_CHAT_MESSAGES
dscuss,discuss,KEYBOARD_ADJACENCY
txt but smthg tho,text but something tho,REAL_CHAT_MESSAGES
ur,your,COMMON_TYPING_ERRORS
The manager doesn't have no idea about the travel itinerary.,The manager doesn't have any idea about the travel itinerary.,GRAMMAR_ONLY
problm,problem,KEYBOARD_ADJACENCY
wow that was unexpected,"Wow, that was unexpected!",PUNCTUATION
"during the call yesterday, Mohammed explained that the budget repkrt requred more resources than originally plannd, so the entire team had to rerarange their schedules.","During the call yesterday, Mohammed explained that the budget report required more resources than originally planned, so the entire team had to rearrange their schedules.",LONG_SENTENCES
"i think Fatima forgot to mention that the emeting about the travel itinrry hs been moved to next week, ajd now everyone is confused about tue nsw schedule.","I think Fatima forgot to mention that the meeting about the travel itinerary has been moved to next week, and now everyone is confused about the new schedule.",LONG_SENTENCES
i study every night,I study every night.,MULTIPLE_ERRORS
bro nah fr,bro no fr,REAL_CHAT_MESSAGES
rpovide,provide,KEYBOARD_ADJACENCY
it doezn't mqtter to me,It doesn't matter to me.,SPELLING_GRAMMAR
My brother didn't went to the meeting room.,My brother didn't go to the meeting room.,GRAMMAR_ONLY
They study every night.,They study every night.,IDENTITY
i rmbr that,i remember that,COMMON_TYPING_ERRORS
i have a cqr,I have a car.,MULTIPLE_ERRORS
she has a new phkne,She has a new phone.,MULTIPLE_ERRORS
i jst wnt 2 confrm tht evrytin is on trak 4 2morow,I just want to confirm that everything is on track for tomorrow,HARD_REAL_USER_TYPING
"even though Omar worked relly hard on the football match, the mznager said tne report still needed several crrectons before it could be sent to the client.","Even though Omar worked really hard on the football match, the manager said the report still needed several corrections before it could be sent to the client.",LONG_SENTENCES
i wud that,i would that,COMMON_TYPING_ERRORS
he should know know,he should know,REPEATED_WORDS
in side the box,inside the box,WORD_BOUNDARY_ERRORS
after the meeting we went home,"After the meeting, we went home.",PUNCTUATION
b4?,before?,SHORT_TEXT
i knw that,i know that,COMMON_TYPING_ERRORS
arrie,arrive,KEYBOARD_ADJACENCY
honestly water came out of the spring near the hill,"Honestly, water came out of the spring near the hill",AMBIGUOUS_CONTEXT
This shoes is too small.,These shoes are too small.,GRAMMAR_ONLY
My favorite color is blue.,My favorite color is blue.,IDENTITY
The new policy will take effect in January.,The new policy will take effect in January.,IDENTITY
warrent,warrant,SINGLE_WORD_SPELLING
ngl txt rn,ngl text rn,REAL_CHAT_MESSAGES
tue childden ae playing in the yard,The children are playing in the yard.,MULTIPLE_ERRORS
c u l8r,see you later,SHORT_TEXT
He always forget his keys.,He always forgets his keys.,GRAMMAR_ONLY
i bought 33 appls,I bought 33 apples,NUMBERS_SYMBOLS
"during the call yesterday, Kevin explained thta the software updte required more resources thsn originally planned, so the entire team hda to rearrage thir schedules.","During the call yesterday, Kevin explained that the software update required more resources than originally planned, so the entire team had to rearrange their schedules.",LONG_SENTENCES
he he should know,he should know,REPEATED_WORDS
we should omw now,we should on my way now,COMMON_TYPING_ERRORS
pls now,please now,SHORT_TEXT
we are going to te movise,We are going to the movies.,SPELLING_GRAMMAR
"dring tue czll yesterdy, Peiya explaiend thqt the wathr requird more resources than originally planned, so hte entire team had to rearrange their scheeules.","During the call yesterday, Priya explained that the weather required more resources than originally planned, so the entire team had to rearrange their schedules.",HARD_REAL_USER_TYPING
she moved to california last year,She moved to California last year,CAPITALIZATION
explzin,explain,KEYBOARD_ADJACENCY
i bought 40 appls,I bought 40 apples,NUMBERS_SYMBOLS
anna and I were diwcussing the budget report on our way to college when suddenly the phne dide and we lost haf of the important notes we hda taken.,Anna and I were discussing the budget report on our way to college when suddenly the phone died and we lost half of the important notes we had taken.,HARD_REAL_USER_TYPING
He didn't said anything.,He didn't say anything.,GRAMMAR_ONLY
The teacher were at the bank this morning.,The teacher was at the bank this morning.,GRAMMAR_ONLY
this is is wrong,this is wrong,REPEATED_WORDS
let me know if oyu need anythign,let me know if you need anything,HARD_REAL_USER_TYPING
yr,year,COMMON_TYPING_ERRORS
we wos waitng for the bs,we were waiting for the bus,SPELLING_GRAMMAR
the doctor recommended mofe exercise ad rest,The doctor recommended more exercise and rest.,MULTIPLE_ERRORS
te musuem olens at ten in the morning,The museum opens at ten in the morning.,MULTIPLE_ERRORS
"aftre spedning almot three hours at the restaurat, Omar finaly admittd tat the trvl itinerary wzs much more complicated than anylne had oirginally expected.","After spending almost three hours at the restaurant, Omar finally admitted that the travel itinerary was much more complicated than anyone had originally expected.",HARD_REAL_USER_TYPING
dunno,don't know,COMMON_TYPING_ERRORS
te rpice of vegetablse is risng,The price of vegetables is rising.,SPELLING_GRAMMAR
kno,know,COMMON_TYPING_ERRORS
tyrrany,tyranny,SINGLE_WORD_SPELLING
They arrive on time.,They arrive on time.,IDENTITY
I dissapear this.,I disappear this.,SINGLE_WORD_SPELLING
gotta,got to,COMMON_TYPING_ERRORS
thnk that is true,think that is true,COMMON_TYPING_ERRORS
i plan aheda,I plan ahead.,MULTIPLE_ERRORS
the flowers smell nice,The flowers smell nice.,SPELLING_GRAMMAR
tommorow,tomorrow,SINGLE_WORD_SPELLING
The bridge was built over a hundred years ago.,The bridge was built over a hundred years ago.,IDENTITY
"Im so tifed rught now, npt gonha ile","I'm so tired right now, not gonna lie",HARD_REAL_USER_TYPING
we we will see,we will see,REPEATED_WORDS
we need 3 mor chairs,we need 3 more chairs,NUMBERS_SYMBOLS
"i tgink Ssm frgot to mention that the meeting about te football match has been moved to netx week, nad now evreyone is cofused abot the new scheule.","I think Sam forgot to mention that the meeting about the football match has been moved to next week, and now everyone is confused about the new schedule.",HARD_REAL_USER_TYPING
he was sick last wwek,He was sick last week.,MULTIPLE_ERRORS
i bought 20 bottls,I bought 20 bottles,NUMBERS_SYMBOLS
lemme kno if u nd anytin,let me know if you need anything,REAL_CHAT_MESSAGES
we is plannig a trp nxt wek,we are planning a trip next week,SPELLING_GRAMMAR
tbh ty lol,tbh thank you lol,REAL_CHAT_MESSAGES
"after spending almost thrwe hours at the hosptial, Rj finally admitted that the weatber was mich more compliacted than anyone had originaly expedted.","After spending almost three hours at the hospital, Raj finally admitted that the weather was much more complicated than anyone had originally expected.",HARD_REAL_USER_TYPING
The students travel often.,The students travel often.,IDENTITY
neither of them is rrady,Neither of them is ready.,SPELLING_GRAMMAR
kevn was trying to explain the rent paument to the tam but kept making mstakes because he aws typing tio fast on ihs phone whle walking to the hospifal.,Kevin was trying to explain the rent payment to the team but kept making mistakes because he was typing too fast on his phone while walking to the hospital.,HARD_REAL_USER_TYPING
teh whle team including Tim stayed late at tbe hospital beause tbe wedding plans needwd to be finished befre the deadlije that was st fpr tomorrlw morning.,The whole team including Tom stayed late at the hospital because the wedding plans needed to be finished before the deadline that was set for tomorrow morning.,HARD_REAL_USER_TYPING
he canot fnd his fone,he cannot find his phone,SPELLING_GRAMMAR
mark and I wsre discussing the footbll match on our way to the library when suddenly the phone died and we lsot half of the important notes we had taken.,Mark and I were discussing the football match on our way to the library when suddenly the phone died and we lost half of the important notes we had taken.,LONG_SENTENCES
momento,memento,SINGLE_WORD_SPELLING
The dog didn't went to work.,The dog didn't go to work.,GRAMMAR_ONLY
there fore we left,therefore we left,WORD_BOUNDARY_ERRORS
"welp, rmbr?","well, remember?",REAL_CHAT_MESSAGES
"evsn tough uJlia worked realyl hard on the budget report, tne manager said the rport still needed severzl corrections beore it coukd be sent to tje cilent.","Even though Julia worked really hard on the budget report, the manager said the report still needed several corrections before it could be sent to the client.",HARD_REAL_USER_TYPING
"even though Lsia worked really hard on the travel itinerary, the manager said the report still needed sevral corrections before it could be sent to the client.","Even though Lisa worked really hard on the travel itinerary, the manager said the report still needed several corrections before it could be sent to the client.",LONG_SENTENCES
msesage,message,KEYBOARD_ADJACENCY
sry?,sorry?,SHORT_TEXT
she has trhee cts,She has three cats.,SPELLING_GRAMMAR
personell,personnel,SINGLE_WORD_SPELLING
My sister travel often.,My sister travel often.,IDENTITY
He repaired the leaking faucet himself.,He repaired the leaking faucet himself.,IDENTITY
at least try,at least try,WORD_BOUNDARY_ERRORS
"excelent, rdy?","excellent, ready?",REAL_CHAT_MESSAGES
there fore we left it happened.,therefore we left it happened.,WORD_BOUNDARY_ERRORS
they wre watching television,They were watching television.,SPELLING_GRAMMAR
trhough,through,KEYBOARD_ADJACENCY
we lost almst al the dta wen the servr wnt down,we lost almost all the data when the server went down,HARD_REAL_USER_TYPING
the whlle tem includng Mobammed satyed late at the train stayion because the rent payment needed to be finished before teh deadlune tbat was set for toorrow morning.,The whole team including Mohammed stayed late at the train station because the rent payment needed to be finished before the deadline that was set for tomorrow morning.,HARD_REAL_USER_TYPING
noody really understood wby Omar decifed to chsnge the weather at the last minite withot telling anyone eles wjo wqs workong on teh same prject.,Nobody really understood why Omar decided to change the weather at the last minute without telling anyone else who was working on the same project.,HARD_REAL_USER_TYPING
honestly they lit a fire near the camp,"Honestly, they lit a fire near the camp",AMBIGUOUS_CONTEXT
we should rn now,we should right now now,COMMON_TYPING_ERRORS
convo,conversation,COMMON_TYPING_ERRORS
"after spending almost thre hours at the hospital, Carlos finally admitted that the contract terms was umch more complicated than anyone hsd originally expected.","After spending almost three hours at the hospital, Carlos finally admitted that the contract terms was much more complicated than anyone had originally expected.",LONG_SENTENCES
nbody really understokd why Carlos dexided to chanhe teh sottware udate at the lsst minute without tellong anyone else who was working on te same project.,Nobody really understood why Carlos decided to change the software update at the last minute without telling anyone else who was working on the same project.,HARD_REAL_USER_TYPING
bro needa fr,bro need to fr,REAL_CHAT_MESSAGES
welp,well,COMMON_TYPING_ERRORS
"thx, gotta?","thanks, got to?",REAL_CHAT_MESSAGES
could you repeat that,Could you repeat that?,PUNCTUATION
she hs eben working isnce morning,She has been working since morning.,SPELLING_GRAMMAR
it doesn't matter to me,It doesn't matter to me.,MULTIPLE_ERRORS
I study every night.,I study every night.,IDENTITY
hav but kinda tho,have but kind of tho,REAL_CHAT_MESSAGES
i didn't go there yesterday,I didn't go there yesterday.,SPELLING_GRAMMAR
"cud, frgt?","could, forgot?",REAL_CHAT_MESSAGES
they movd to a new city last year,They moved to a new city last year.,MULTIPLE_ERRORS
Tom doesn't have no idea about the client meeting.,Tom doesn't have any idea about the client meeting.,GRAMMAR_ONLY
she she is happy,she is happy,REPEATED_WORDS
he hs two brothers,He has two brothers.,MULTIPLE_ERRORS
I left my umbrella at the office.,I left my umbrella at the office.,IDENTITY
tbh hav lol,tbh have lol,REAL_CHAT_MESSAGES
bro thnk fr,bro think fr,REAL_CHAT_MESSAGES
we aee oging to tje movies,We are going to the movies.,MULTIPLE_ERRORS
aint that is true,isn't that is true,COMMON_TYPING_ERRORS
definatly,definitely,SINGLE_WORD_SPELLING
the students trvael often,The students travel often.,MULTIPLE_ERRORS
attdmpt,attempt,KEYBOARD_ADJACENCY
The manager have a meeting about the school assignment.,The manager has a meeting about the school assignment.,GRAMMAR_ONLY
wanna i think so,want to i think so,COMMON_TYPING_ERRORS
hez bin actin weird latly,he's been acting weird lately,REAL_CHAT_MESSAGES
honestly he used a bat to hit the ball,"Honestly, he used a bat to hit the ball",AMBIGUOUS_CONTEXT
"during te cll yesterday, Anna explained that teh rent payment required more resources tahn originally planned, so the entire team hda to rearrange their schedules.","During the call yesterday, Anna explained that the rent payment required more resources than originally planned, so the entire team had to rearrange their schedules.",LONG_SENTENCES
teh sfudents were studying had,The students were studying hard.,SPELLING_GRAMMAR
she wore a ring on her fingr,she wore a ring on her finger,AMBIGUOUS_CONTEXT
lsia ws tryign to explan the quartrrly resulrs to the team but kept maknig mstaks because he was typing too fat on his phone while wlking to the hospital.,Lisa was trying to explain the quarterly results to the team but kept making mistakes because he was typing too fast on his phone while walking to the hospital.,HARD_REAL_USER_TYPING
wknd but omw tho,weekend but on my way tho,REAL_CHAT_MESSAGES
ignorence,ignorance,SINGLE_WORD_SPELLING
They renovated their kitchen last summer.,They renovated their kitchen last summer.,IDENTITY
I wreckless this.,I reckless this.,SINGLE_WORD_SPELLING
She have went to school already.,She has gone to school already.,GRAMMAR_ONLY
"affer spending almost three huors at the bank, Jihn finally admitted that the contract terms was much more complicated thsn anyone had originally expected.","After spending almost three hours at the bank, John finally admitted that the contract terms was much more complicated than anyone had originally expected.",LONG_SENTENCES
The manager have a meeting about the project deadline.,The manager has a meeting about the project deadline.,GRAMMAR_ONLY
We was happy.,We were happy.,GRAMMAR_ONLY
anna and I wre discussing the weathrr on ohr way to hte resturant whrn suddenly tye pgone died ahd we lot half of te imporatnt notes we had taken.,Anna and I were discussing the weather on our way to the restaurant when suddenly the phone died and we lost half of the important notes we had taken.,HARD_REAL_USER_TYPING
"afer spending almost thre hours at hte bahk, uJlia finaly admitted that the project desdline was much mode complicated than anyne hsd orginally expected.","After spending almost three hours at the bank, Julia finally admitted that the project deadline was much more complicated than anyone had originally expected.",HARD_REAL_USER_TYPING
scissers,scissors,SINGLE_WORD_SPELLING
becase man,because man,SHORT_TEXT
r pls,are pls,SHORT_TEXT
needa,need to,COMMON_TYPING_ERRORS
Maria has finish the report on the travel itinerary.,Maria has finished the report on the travel itinerary.,GRAMMAR_ONLY
ngl frnd rn,ngl friend rn,REAL_CHAT_MESSAGES
actually i changed my mind,"Actually, I changed my mind.",PUNCTUATION
tehy work hard,They work hard.,MULTIPLE_ERRORS
a long time ago,a long time ago,WORD_BOUNDARY_ERRORS
My sister clean the house.,My sister clean the house.,IDENTITY
She clean the house.,She clean the house.,IDENTITY
thy have fknished their homewrk,They have finished their homework.,SPELLING_GRAMMAR
can not believe it,cannot believe it,WORD_BOUNDARY_ERRORS
convo but convo tho,conversation but conversation tho,REAL_CHAT_MESSAGES
youre,you're,CONTRACTIONS
hw come,how come,SHORT_TEXT
bday man,birthday man,SHORT_TEXT
mnute,minute,KEYBOARD_ADJACENCY
dis app keeps crashin on me,this app keeps crashing on me,REAL_CHAT_MESSAGES
nah?,no?,SHORT_TEXT
devekop,develop,KEYBOARD_ADJACENCY
l8r i think so,later i think so,COMMON_TYPING_ERRORS
My brother don't understand the contract terms.,My brother doesn't understand the contract terms.,GRAMMAR_ONLY
"after spending almost three hojrs at collge, Sarah finally admirted tat the recipe was much more complicated than anynoe had orkginally expected.","After spending almost three hours at college, Sarah finally admitted that the recipe was much more complicated than anyone had originally expected.",LONG_SENTENCES
jewelery,jewellery,SINGLE_WORD_SPELLING
She volunteers at the animal shelter every weekend.,She volunteers at the animal shelter every weekend.,IDENTITY
mst man,must man,SHORT_TEXT
priha was tdying to explain tbe recipe to teh team but kdpt making mistakes because he wqs typing to fat on hsi puone while waling to te bank.,Priya was trying to explain the recipe to the team but kept making mistakes because he was typing too fast on his phone while walking to the bank.,HARD_REAL_USER_TYPING
he doesn't have ahy moey,He doesn't have any money.,SPELLING_GRAMMAR
lets,let's,CONTRACTIONS
bro wat fr,bro what fr,REAL_CHAT_MESSAGES
i dnt thnk dis is gona wrk the wai we plnd it,I don't think this is going to work the way we planned it,HARD_REAL_USER_TYPING
he dont knw the answr,he doesn't know the answer,SPELLING_GRAMMAR
why ar you over gernrating the worf,why are you over-generating the word,HARD_REAL_USER_TYPING
youve,you've,CONTRACTIONS
tmrw pls,tomorrow pls,SHORT_TEXT
nobody really understood why Mark decded to change the wrather at tye lazt minute withotu tleling anone esle wo wsa workjng on the same prjct.,Nobody really understood why Mark decided to change the weather at the last minute without telling anyone else who was working on the same project.,HARD_REAL_USER_TYPING
He go to the library every day.,He goes to the library every day.,GRAMMAR_ONLY
tehy were watcuing twlevision,They were watching television.,SPELLING_GRAMMAR
prpeare,prepare,KEYBOARD_ADJACENCY
"can you resend tht eail, please","can you resend that email, please",HARD_REAL_USER_TYPING
i nthg that,i nothing that,COMMON_TYPING_ERRORS
these shies are too msall,These shoes are too small.,MULTIPLE_ERRORS
bedrkom,bedroom,KEYBOARD_ADJACENCY
she left the light on by mistake,she left the light on by mistake,AMBIGUOUS_CONTEXT
relize,realize,SINGLE_WORD_SPELLING
i bought 84 ticets,I bought 84 tickets,NUMBERS_SYMBOLS
honestly the camel crossed the desert slowly,"Honestly, the camel crossed the desert slowly",AMBIGUOUS_CONTEXT
the doctor recommendde more exercise and rdst,The doctor recommended more exercise and rest.,MULTIPLE_ERRORS
It has finish the report on the quarterly results.,It has finished the report on the quarterly results.,GRAMMAR_ONLY
y stop,why stop,SHORT_TEXT
over all it was good,overall it was good,WORD_BOUNDARY_ERRORS
They was at the party.,They were at the party.,GRAMMAR_ONLY
evenng,evening,KEYBOARD_ADJACENCY
the prkce of vegetables is rising,The price of vegetables is rising.,SPELLING_GRAMMAR
"sorta, txt?","sort of, text?",REAL_CHAT_MESSAGES
nobody reaply understood why Lia edcided to change the football matfh at the laat minuge withot telling anyone else who was woroing on the same project.,Nobody really understood why Lisa decided to change the football match at the last minute without telling anyone else who was working on the same project.,HARD_REAL_USER_TYPING
rythm,rhythm,SINGLE_WORD_SPELLING
she went home home,she went home,REPEATED_WORDS
nobody really undrstod why oTm deciedd to chznge the weather at the last minute without telling anyone ese who was owrking on the same project.,Nobody really understood why Tom decided to change the weather at the last minute without telling anyone else who was working on the same project.,HARD_REAL_USER_TYPING
We doesn't have time for this.,We don't have time for this.,GRAMMAR_ONLY
The teacher doesn't have no idea about the client meeting.,The teacher doesn't have any idea about the client meeting.,GRAMMAR_ONLY
I goes to the gym every morning.,I go to the gym every morning.,GRAMMAR_ONLY
prpoose,propose,KEYBOARD_ADJACENCY
he seaks enblish vey well,He speaks English very well.,SPELLING_GRAMMAR
he doesn't knw whqt to do,He doesn't know what to do.,SPELLING_GRAMMAR
"evwn though Maria wored realy haed on the project deadline, teh mabager sad the rpeort stll needed seevral codrections before it cpuld be snet to the clint.","Even though Maria worked really hard on the project deadline, the manager said the report still needed several corrections before it could be sent to the client.",HARD_REAL_USER_TYPING
my sister plan ahdad,My sister plan ahead.,MULTIPLE_ERRORS
provdie,provide,KEYBOARD_ADJACENCY
perfekt,perfect,COMMON_TYPING_ERRORS
imo i think so,in my opinion i think so,COMMON_TYPING_ERRORS
he doesn't have any money,He doesn't have any money.,SPELLING_GRAMMAR
gud,good,COMMON_TYPING_ERRORS
my parents are cmoing today,My parents are coming today.,MULTIPLE_ERRORS
the deal was closed yestrday,the deal was closed yesterday,AMBIGUOUS_CONTEXT
aint?,isn't?,SHORT_TEXT
i go to tye gm evry morning,I go to the gym every morning.,SPELLING_GRAMMAR
consciencious,conscientious,SINGLE_WORD_SPELLING
nd but propably tho,and but probably tho,REAL_CHAT_MESSAGES
i bought 95 boxs,I bought 95 boxes,NUMBERS_SYMBOLS
"nina mentioned that the road conditions would probably be delayed agaun, which made everyone at collge extremely frustrated and worried about the consequences.","Nina mentioned that the road conditions would probably be delayed again, which made everyone at college extremely frustrated and worried about the consequences.",LONG_SENTENCES
ths sntnc hs mny errrs nd nt makng sns,this sentence has many errors and is not making sense,HARD_REAL_USER_TYPING
i didn't go there yesterdy,I didn't go there yesterday.,SPELLING_GRAMMAR
he was sick last ewek,He was sick last week.,SPELLING_GRAMMAR
"whne we arrivd at the libary yesterday, Tom told us tht the budget report hzd chngd compleetly ajd nobody hda bothered to inform the ret of the tem.","When we arrived at the library yesterday, Tom told us that the budget report had changed completely and nobody had bothered to inform the rest of the team.",HARD_REAL_USER_TYPING
te flowers smel ince,The flowers smell nice.,SPELLING_GRAMMAR
they moved to a new city last year,They moved to a new city last year.,MULTIPLE_ERRORS
ive,I've,CONTRACTIONS
she works at google,She works at Google,CAPITALIZATION
i love italian food especially pasta,"I love Italian food, especially pasta",CAPITALIZATION
they hae finisyed tehir homework,They have finished their homework.,SPELLING_GRAMMAR
souvenier,souvenir,SINGLE_WORD_SPELLING
he doesnt kow hwat to do,He doesn't know what to do.,MULTIPLE_ERRORS
rdy now,ready now,SHORT_TEXT
y?,why?,SHORT_TEXT
readible,readable,SINGLE_WORD_SPELLING
They moved to a new city last year.,They moved to a new city last year.,IDENTITY
bro prob fr,bro probably fr,REAL_CHAT_MESSAGES
she sed she wud cal bck bt nevr did,she said she would call back but never did,HARD_REAL_USER_TYPING
The children are playing in the yard.,The children are playing in the yard.,IDENTITY
jphn and I were discussing tje riad conditins on our way to the erstaurant when suddenly the phone djed and we lost half of the impoetant noyes we ahd taken.,John and I were discussing the road conditions on our way to the restaurant when suddenly the phone died and we lost half of the important notes we had taken.,HARD_REAL_USER_TYPING
david ad I wdre diecussing hte clent meeitng on oir way to the meeting rom whn suddnly teh phone died and we lost haof of tye ipmortant notes we had takrn.,David and I were discussing the client meeting on our way to the meeting room when suddenly the phone died and we lost half of the important notes we had taken.,HARD_REAL_USER_TYPING
He go to the bank every day.,He goes to the bank every day.,GRAMMAR_ONLY
thats,that's,CONTRACTIONS
any thing you need,anything you need,WORD_BOUNDARY_ERRORS
i was wrong wrong,i was wrong,REPEATED_WORDS
sieze,seize,SINGLE_WORD_SPELLING
i bought 22 ticets,I bought 22 tickets,NUMBERS_SYMBOLS
she is learnkng to play the violin,She is learning to play the violin.,MULTIPLE_ERRORS
gimme i think so,give me i think so,COMMON_TYPING_ERRORS
i have a czr,I have a car.,SPELLING_GRAMMAR
frnd pls,friend pls,SHORT_TEXT
in deed it was true,indeed it was true,WORD_BOUNDARY_ERRORS
te dogs are barking loudly,The dogs are barking loudly.,SPELLING_GRAMMAR
after all it worked it happened.,"after all, it worked it happened.",WORD_BOUNDARY_ERRORS
wei was trying to explain the budget report to the team but kept making mustakes because he was typign too fast on his phone whle walking to the bank.,Wei was trying to explain the budget report to the team but kept making mistakes because he was typing too fast on his phone while walking to the bank.,LONG_SENTENCES
it rains a lt in this coty,It rains a lot in this city.,SPELLING_GRAMMAR
gr8,great,COMMON_TYPING_ERRORS
tnere are many people hree,There are many people here.,SPELLING_GRAMMAR
i hav that,i have that,COMMON_TYPING_ERRORS
My brother has finish the report on the budget report.,My brother has finished the report on the budget report.,GRAMMAR_ONLY
he is my bets friend,He is my best friend.,SPELLING_GRAMMAR
"when we arrived at the bank yesterday, David told us tgat teh wedding plans had changde completely and nobody hqd btohered to inform the rest of the team.","When we arrived at the bank yesterday, David told us that the wedding plans had changed completely and nobody had bothered to inform the rest of the team.",LONG_SENTENCES
mrnng,morning,KEYBOARD_ADJACENCY
David have a meeting about the road conditions.,David has a meeting about the road conditions.,GRAMMAR_ONLY
yku travel often,You travel often.,MULTIPLE_ERRORS
priviledge,privilege,SINGLE_WORD_SPELLING
The teacher were at school this morning.,The teacher was at school this morning.,GRAMMAR_ONLY
theyd,they'd,CONTRACTIONS
priya was rtying to explan the rosd condtiions to the team but kept maing mistzkes because he was typing too fast on ihs pjone while wakking to the meeting rom.,Priya was trying to explain the road conditions to the team but kept making mistakes because he was typing too fast on his phone while walking to the meeting room.,HARD_REAL_USER_TYPING
"i think Kevjn forgot to mntin htat tge emeting about the prouect edadline hqs eben moved to nxt week, and now evryne is confused about te new sxhedule.","I think Kevin forgot to mention that the meeting about the project deadline has been moved to next week, and now everyone is confused about the new schedule.",HARD_REAL_USER_TYPING
we hav 4 tickts left,we have 4 tickets left,NUMBERS_SYMBOLS
hpn now,happen now,SHORT_TEXT
buisness,business,SINGLE_WORD_SPELLING
"carlos mentioned that hte contract terms would prkbably be delyaed again, which made evryone at work extremely frutsrated adn worrued about the cojsequences.","Carlos mentioned that the contract terms would probably be delayed again, which made everyone at work extremely frustrated and worried about the consequences.",HARD_REAL_USER_TYPING
"afrer spening almst thee hous at tge gym, Maira finally admitted tht the recpe wsa much more complicaetd tahn anyone had originally expected.","After spending almost three hours at the gym, Maria finally admitted that the recipe was much more complicated than anyone had originally expected.",HARD_REAL_USER_TYPING
The dog has finish the report on the budget report.,The dog has finished the report on the budget report.,GRAMMAR_ONLY
she ahs a new phone,She has a new phone.,SPELLING_GRAMMAR
they have have left,they have left,REPEATED_WORDS
we should hafta now,we should have to now,COMMON_TYPING_ERRORS
i cnnt fnd wht is the actul isue,I can't find what the actual issue is,HARD_REAL_USER_TYPING
we rae gonig to the mogies,We are going to the movies.,MULTIPLE_ERRORS
where is the nearest station,Where is the nearest station?,PUNCTUATION
tbh y lol,tbh why lol,REAL_CHAT_MESSAGES
we are ging to the movis,We are going to the movies.,SPELLING_GRAMMAR
hes gone,he's gone,SHORT_TEXT
my aprents are coming today,My parents are coming today.,SPELLING_GRAMMAR
some where it happened.,somewhere it happened.,WORD_BOUNDARY_ERRORS
tbh dat lol,tbh that lol,REAL_CHAT_MESSAGES
"durign the capl ysterdy, Raj explained tht the orad conditions requided more resources tan originally planned, so the etire tesm hzd to rsarrange thir schedules.","During the call yesterday, Raj explained that the road conditions required more resources than originally planned, so the entire team had to rearrange their schedules.",HARD_REAL_USER_TYPING
Tom were at the restaurant this morning.,Tom was at the restaurant this morning.,GRAMMAR_ONLY
dont know,don't know,SHORT_TEXT
te prce of vegetables is risjng,The price of vegetables is rising.,MULTIPLE_ERRORS
lksa ajd I wete doscussing the upoming exm on oru way to the airport when suddnely tbe phlne died amd we lst half of tje important notes we had taken.,Lisa and I were discussing the upcoming exam on our way to the airport when suddenly the phone died and we lost half of the important notes we had taken.,HARD_REAL_USER_TYPING
The students work hard.,The students work hard.,IDENTITY
"diring tne acll eysterday, Dagid explained that the weddihg pans required more resources than originally plnned, so te entre tema hd to rearange their schedules.","During the call yesterday, David explained that the wedding plans required more resources than originally planned, so the entire team had to rearrange their schedules.",HARD_REAL_USER_TYPING
they are coming coming,they are coming,REPEATED_WORDS
paralel,parallel,SINGLE_WORD_SPELLING
cud,could,COMMON_TYPING_ERRORS
"tom mentionde tht the new policy wuld probably be delayed again, whch made everynoe at school extremely frstrated and worried abput the consequences.","Tom mentioned that the new policy would probably be delayed again, which made everyone at school extremely frustrated and worried about the consequences.",HARD_REAL_USER_TYPING
we should excelent now,we should excellent now,COMMON_TYPING_ERRORS
The chef prepared a delicious three-course meal.,The chef prepared a delicious three-course meal.,IDENTITY
Maria go to the market every day.,Maria goes to the market every day.,GRAMMAR_ONLY
i bought 99 appls,I bought 99 apples,NUMBERS_SYMBOLS
mohammde wsa tdying to explain the football matfh to tye team but kept making miwtakes because he wsa typkng to fast on hks pone whlie wlkng to te airport.,Mohammed was trying to explain the football match to the team but kept making mistakes because he was typing too fast on his phone while walking to the airport.,HARD_REAL_USER_TYPING
spedial,special,KEYBOARD_ADJACENCY
ngl sorta rn,ngl sort of rn,REAL_CHAT_MESSAGES
gimme man,give me man,SHORT_TEXT
"after spwnding almpst three hours at teh airport, Fatia finally admitted tat hte nw policy wsa muh more complicated than anyone hda originally ecpected.","After spending almost three hours at the airport, Fatima finally admitted that the new policy was much more complicated than anyone had originally expected.",LONG_SENTENCES
wheres going to the store,where's going to the store,CONTRACTIONS
he wzs sikc lat wwek,He was sick last week.,MULTIPLE_ERRORS
outta,out of,COMMON_TYPING_ERRORS
we were waiting fir te bus,We were waiting for the bus.,SPELLING_GRAMMAR
produxe,produce,KEYBOARD_ADJACENCY
maintainance,maintenance,SINGLE_WORD_SPELLING
pasttime,pastime,SINGLE_WORD_SPELLING
tehse shoes ade too small,These shoes are too small.,MULTIPLE_ERRORS
neighbur,neighbour,KEYBOARD_ADJACENCY
playright,playwright,SINGLE_WORD_SPELLING
"evrn thouhg Mraia worked really hard on the lcient meetnig, tge manager sadi the repoet still nedeed sevrl corrections befoe it could be sent to the clent.","Even though Maria worked really hard on the client meeting, the manager said the report still needed several corrections before it could be sent to the client.",HARD_REAL_USER_TYPING
i forgt wat i was gona say,I forgot what I was going to say,REAL_CHAT_MESSAGES
"even though Kevin worked really hard on the wedding plans, the manager said the report still needed several corrections before it could be sent to te client.","Even though Kevin worked really hard on the wedding plans, the manager said the report still needed several corrections before it could be sent to the client.",LONG_SENTENCES
neccessary,necessary,SINGLE_WORD_SPELLING
i bought 21 appls,I bought 21 apples,NUMBERS_SYMBOLS
he went to the bank to fish yesterday,he went to the bank to fish yesterday,AMBIGUOUS_CONTEXT
anna wzs trying to explain the client meeting to the team ubt kept making mistakes because he was typing tpo fast on his phone while walking to the office.,Anna was trying to explain the client meeting to the team but kept making mistakes because he was typing too fast on his phone while walking to the office.,LONG_SENTENCES
plz hlp me asap,please help me as soon as possible,REAL_CHAT_MESSAGES
dis convo is gettin weird,this conversation is getting weird,REAL_CHAT_MESSAGES
"i think Wi forgot to mention tyat te meeting about the nsw policy hsa ben moved to next week, and now everyone is confused aout the new schefule.","I think Wei forgot to mention that the meeting about the new policy has been moved to next week, and now everyone is confused about the new schedule.",LONG_SENTENCES
yh sure,"yeah, sure",SHORT_TEXT
the price of vegetables is risng,The price of vegetables is rising.,MULTIPLE_ERRORS
hapn that is true,happen that is true,COMMON_TYPING_ERRORS
enviroment,environment,SINGLE_WORD_SPELLING
The museum opens at ten in the morning.,The museum opens at ten in the morning.,IDENTITY
prolly?,probably?,SHORT_TEXT
thse shkes are too small,These shoes are too small.,SPELLING_GRAMMAR
I realestate this.,I real estate this.,SINGLE_WORD_SPELLING
wondwrful,wonderful,KEYBOARD_ADJACENCY
hes bsen actnig weird lately,he's been acting weird lately,HARD_REAL_USER_TYPING
The coffee shop on the corner is my favorite.,The coffee shop on the corner is my favorite.,IDENTITY
relly man,really man,SHORT_TEXT
my brothr and sister rae here,My brother and sister are here.,SPELLING_GRAMMAR
everybdoy was excited about it,Everybody was excited about it.,MULTIPLE_ERRORS
it rians a lot in tuis city,It rains a lot in this city.,SPELLING_GRAMMAR
"after spending almost trhee hours at home, Wei fibally admitted that the weather wsa much more complicated than anyone had originally expected.","After spending almost three hours at home, Wei finally admitted that the weather was much more complicated than anyone had originally expected.",LONG_SENTENCES
seh doesn't lke apples,She doesn't like apples.,SPELLING_GRAMMAR
It don't matter to me.,It doesn't matter to me.,GRAMMAR_ONLY
asap pls,as soon as possible pls,SHORT_TEXT
The teacher doesn't have no idea about the rent payment.,The teacher doesn't have any idea about the rent payment.,GRAMMAR_ONLY
He go to school.,He goes to school.,GRAMMAR_ONLY
nobody really understood why Carlos decifed to change the orad conditions at te last mimute without telling anyone else who was working on the saem project.,Nobody really understood why Carlos decided to change the road conditions at the last minute without telling anyone else who was working on the same project.,LONG_SENTENCES
he iddn't sy anything,He didn't say anything.,SPELLING_GRAMMAR
reminisent,reminiscent,SINGLE_WORD_SPELLING
he alwqys forgets his keys,He always forgets his keys.,SPELLING_GRAMMAR
ngl smwhr rn,ngl somewhere rn,REAL_CHAT_MESSAGES
Our team arrive on time.,Our team arrive on time.,IDENTITY
i gonna that,i going to that,COMMON_TYPING_ERRORS
carlos and I were dicsussing tbe proect deadline on oir way to the offiec whn suddenly the phine died amd we lpst half of te improtant nots we had tamen.,Carlos and I were discussing the project deadline on our way to the office when suddenly the phone died and we lost half of the important notes we had taken.,HARD_REAL_USER_TYPING
"i thnk Prya forgot to mnton that the meeitng about the riad conditions has been moved to next wwek, and now everyne is confused abot te nw sxhedule.","I think Priya forgot to mention that the meeting about the road conditions has been moved to next week, and now everyone is confused about the new schedule.",HARD_REAL_USER_TYPING
shud?,should?,SHORT_TEXT
my friend sarah is from canada,My friend Sarah is from Canada,CAPITALIZATION
imporant,important,KEYBOARD_ADJACENCY
nite,night,COMMON_TYPING_ERRORS
tue whole team imcluding Mria satyed late at work because teh ret payment neeed to be finisged bwfore the dadline that wsa srt for tomorrow morhing.,The whole team including Maria stayed late at work because the rent payment needed to be finished before the deadline that was set for tomorrow morning.,HARD_REAL_USER_TYPING
i bought 24 appls,I bought 24 apples,NUMBERS_SYMBOLS
i need to address this isue now,I need to address this issue now,AMBIGUOUS_CONTEXT
perfomr,perform,KEYBOARD_ADJACENCY
i go to the gym every monring,I go to the gym every morning.,MULTIPLE_ERRORS
aisha and I were duscussing the quarterly results on our way to teh meeging room when suddenly the phone died and we lost hapf of the important notes we had taken.,Aisha and I were discussing the quarterly results on our way to the meeting room when suddenly the phone died and we lost half of the important notes we had taken.,LONG_SENTENCES
togrther,together,KEYBOARD_ADJACENCY
My sister enjoy the weekend.,My sister enjoy the weekend.,IDENTITY
the whole team inclding Wei sayed late at the train station becaude the wedding plans nreded to be finished before teh deadline that was swt for tmrrw mornign.,The whole team including Wei stayed late at the train station because the wedding plans needed to be finished before the deadline that was set for tomorrow morning.,LONG_SENTENCES
The hotel offers a complimentary breakfast.,The hotel offers a complimentary breakfast.,IDENTITY
hes bin actin reli wierd evr sins the lst metng,he's been acting really weird ever since the last meeting,HARD_REAL_USER_TYPING
we odn't have time for tyis,We don't have time for this.,SPELLING_GRAMMAR
David were at the airport this morning.,David was at the airport this morning.,GRAMMAR_ONLY
His presentation impressed the entire board.,His presentation impressed the entire board.,IDENTITY
realy,really,SINGLE_WORD_SPELLING
"becase, watcha?","because, what are you?",REAL_CHAT_MESSAGES
He are my best friend.,He is my best friend.,GRAMMAR_ONLY
ijclude,include,KEYBOARD_ADJACENCY
noticable,noticeable,SINGLE_WORD_SPELLING
no where to go,nowhere to go,WORD_BOUNDARY_ERRORS
down stairs already,downstairs already,WORD_BOUNDARY_ERRORS
the whole team including David staydd lare at the market because tue football match neded to be finished befkre the deadline that wss set for tomrrw moning.,The whole team including David stayed late at the market because the football match needed to be finished before the deadline that was set for tomorrow morning.,LONG_SENTENCES
i live in brazil,I live in Brazil,CAPITALIZATION
some one called you,someone called you,WORD_BOUNDARY_ERRORS
i bought 11 appls,I bought 11 apples,NUMBERS_SYMBOLS
the gardsn looks beautiflu in sprng,The garden looks beautiful in spring.,MULTIPLE_ERRORS
jourjey,journey,KEYBOARD_ADJACENCY
You attend the meeting.,You attend the meeting.,IDENTITY
its 50% complet now,it's 50% complete now,NUMBERS_SYMBOLS
no i dont think so,"No, I don't think so.",PUNCTUATION
shed a good idea,she'd a good idea,CONTRACTIONS
she she can drive,she can drive,REPEATED_WORDS
gonna i think so,going to i think so,COMMON_TYPING_ERRORS
se walks to schol eery day,She walks to school every day.,SPELLING_GRAMMAR
i ahve finished my homdwork,I have finished my homework.,MULTIPLE_ERRORS
ebtter,better,KEYBOARD_ADJACENCY
I went some body yesterday.,I went somebody yesterday.,WORD_BOUNDARY_ERRORS
how does this work,How does this work?,PUNCTUATION
yeild,yield,SINGLE_WORD_SPELLING
i dunno that,i don't know that,COMMON_TYPING_ERRORS
He go to the airport every day.,He goes to the airport every day.,GRAMMAR_ONLY
the mnager clen the houee,The manager clean the house.,MULTIPLE_ERRORS
he met susan yesterday,He met Susan yesterday,CAPITALIZATION
happyness,happiness,SINGLE_WORD_SPELLING
kno i think so,know i think so,COMMON_TYPING_ERRORS
k man,okay man,SHORT_TEXT
I volcanoe this.,I volcano this.,SINGLE_WORD_SPELLING
wed,we'd,CONTRACTIONS
I doesn't understand this.,I don't understand this.,GRAMMAR_ONLY
"pdiya mntioned that the quarterly results would probably be delayed agin, which made everyone at the park extremely frstrtd and worried about the consequences.","Priya mentioned that the quarterly results would probably be delayed again, which made everyone at the park extremely frustrated and worried about the consequences.",LONG_SENTENCES
thy were watching television,They were watching television.,SPELLING_GRAMMAR
he travel often,He travel often.,MULTIPLE_ERRORS
"after spending almost three hkurs at the market, Mohammed finally admitted tat the wedding plans was mych more complicated thsn anyone had originally expected.","After spending almost three hours at the market, Mohammed finally admitted that the wedding plans was much more complicated than anyone had originally expected.",LONG_SENTENCES
we don't have time fpr this,We don't have time for this.,SPELLING_GRAMMAR
the miseum opens at ten in te morning,The museum opens at ten in the morning.,MULTIPLE_ERRORS
you are are late,you are late,REPEATED_WORDS
the event starts @ 7pm shrap,the event starts at 7pm sharp,NUMBERS_SYMBOLS
David were at the train station this morning.,David was at the train station this morning.,GRAMMAR_ONLY
bro hpn fr,bro happen fr,REAL_CHAT_MESSAGES
tbh excelent lol,tbh excellent lol,REAL_CHAT_MESSAGES
the bus leaves @ 8:15,the bus leaves at 8:15,NUMBERS_SYMBOLS
id,I'd,CONTRACTIONS
smwhr now,somewhere now,SHORT_TEXT
nobody raelly understood hwy Tom dcidd to hcange the football mtch at the last minute wthout telling anyone else who wss working on tne ssme prject.,Nobody really understood why Tom decided to change the football match at the last minute without telling anyone else who was working on the same project.,HARD_REAL_USER_TYPING
the fpowers smell nice,The flowers smell nice.,SPELLING_GRAMMAR
ill too late now,I'll too late now,CONTRACTIONS
collegue,colleague,SINGLE_WORD_SPELLING
theres a good idea,there's a good idea,CONTRACTIONS
they will will win,they will win,REPEATED_WORDS
he speaks english very wrll,He speaks English very well.,SPELLING_GRAMMAR
she hsa a new phoen,She has a new phone.,MULTIPLE_ERRORS
picutre,picture,KEYBOARD_ADJACENCY
i convo that,i conversation that,COMMON_TYPING_ERRORS
my bad,my bad,SHORT_TEXT
I tendancy this.,I tendency this.,SINGLE_WORD_SPELLING
corect,correct,KEYBOARD_ADJACENCY
bday i think so,birthday i think so,COMMON_TYPING_ERRORS
imporatnt,important,KEYBOARD_ADJACENCY
The dog don't understand the weather.,The dog doesn't understand the weather.,GRAMMAR_ONLY
shed,she'd,CONTRACTIONS
They travel often.,They travel often.,IDENTITY
honestly the bank was closed so we cudnt withdraw money,"Honestly, the bank was closed so we couldn't withdraw money",AMBIGUOUS_CONTEXT
ngl propably rn,ngl probably rn,REAL_CHAT_MESSAGES
tigether,together,KEYBOARD_ADJACENCY
teachre,teacher,KEYBOARD_ADJACENCY
this is london,This is London,CAPITALIZATION
fatima and I were discussing the quarterly rseults on our way to teh hodpital wen suddenly the phone did and we lost half of the important notes we had tsken.,Fatima and I were discussing the quarterly results on our way to the hospital when suddenly the phone died and we lost half of the important notes we had taken.,HARD_REAL_USER_TYPING
yrs that is true,years that is true,COMMON_TYPING_ERRORS
sincerly,sincerely,SINGLE_WORD_SPELLING
"aftwr spending almost three hours at the hospital, Priya finally admitted that the fotball mach was much more complicated thn anyone had origimally expected.","After spending almost three hours at the hospital, Priya finally admitted that the football match was much more complicated than anyone had originally expected.",LONG_SENTENCES
ngl becase rn,ngl because rn,REAL_CHAT_MESSAGES
werent going to the store,weren't going to the store,CONTRACTIONS
She doesn't have no idea about the travel itinerary.,She doesn't have any idea about the travel itinerary.,GRAMMAR_ONLY
im ready,I'm ready,SHORT_TEXT
villian,villain,SINGLE_WORD_SPELLING
We watched a documentary last night.,We watched a documentary last night.,IDENTITY
I wich this.,I which this.,SINGLE_WORD_SPELLING
she hsa a nw phone,She has a new phone.,SPELLING_GRAMMAR
undrstnd,understand,COMMON_TYPING_ERRORS
ocasion,occasion,SINGLE_WORD_SPELLING
they have finihed their homework,They have finished their homework.,SPELLING_GRAMMAR
zeebra,zebra,SINGLE_WORD_SPELLING
existance,existence,SINGLE_WORD_SPELLING
convo but luv tho,conversation but love tho,REAL_CHAT_MESSAGES
togther,together,KEYBOARD_ADJACENCY
"mke, cud?","make, could?",REAL_CHAT_MESSAGES
she has bn working since morning,She has been working since morning.,MULTIPLE_ERRORS
y,why,COMMON_TYPING_ERRORS
"during tne call yesterday, Lisa exlpained that hte quarterly results reqired more resources than originally planned, so the entie team had to rearrange their schedules.","During the call yesterday, Lisa explained that the quarterly results required more resources than originally planned, so the entire team had to rearrange their schedules.",LONG_SENTENCES
tue students wede studying haed,The students were studying hard.,SPELLING_GRAMMAR
Maria don't understand the software update.,Maria doesn't understand the software update.,GRAMMAR_ONLY
The teacher doesn't have no idea about the wedding plans.,The teacher doesn't have any idea about the wedding plans.,GRAMMAR_ONLY
wei wsa trying to explain the nw policy to tbe team but kept making mistakes bcause he was typing too faxt on his phone while walking to the market.,Wei was trying to explain the new policy to the team but kept making mistakes because he was typing too fast on his phone while walking to the market.,LONG_SENTENCES
my sisger sgudy every nigjt,My sister study every night.,MULTIPLE_ERRORS
i agree with you,I agree with you.,SPELLING_GRAMMAR
She arrive on time.,She arrive on time.,IDENTITY
rmbr,remember,COMMON_TYPING_ERRORS
they dosent hav the tikets,they don't have the tickets,SPELLING_GRAMMAR
i bought 80 appls,I bought 80 apples,NUMBERS_SYMBOLS
tbh nite lol,tbh night lol,REAL_CHAT_MESSAGES
They work hard.,They work hard.,IDENTITY
They plan ahead.,They plan ahead.,IDENTITY
rn,right now,COMMON_TYPING_ERRORS
catlos nad I were discussibg te project deadilne on our wsy to te office when suddenyl the phone died and we lsot half of teh importnat notes we hsd tken.,Carlos and I were discussing the project deadline on our way to the office when suddenly the phone died and we lost half of the important notes we had taken.,HARD_REAL_USER_TYPING
He don't understand the school assignment.,He doesn't understand the school assignment.,GRAMMAR_ONLY
"during the cll ystrday, Wei explained htat the ckient meeting requirsd more resources tjan originzlly plannd, so the entre tsam had to rearragne thir schedules.","During the call yesterday, Wei explained that the client meeting required more resources than originally planned, so the entire team had to rearrange their schedules.",HARD_REAL_USER_TYPING
"after spending almost three hours at shcool, John finally admitted that hte project deadline was much omre complicated than anyone had originally expected.","After spending almost three hours at school, John finally admitted that the project deadline was much more complicated than anyone had originally expected.",LONG_SENTENCES
I went any time soon yesterday.,I went anytime soon yesterday.,WORD_BOUNDARY_ERRORS
that information is wrong,That information is wrong.,SPELLING_GRAMMAR
we wee happy,We were happy.,MULTIPLE_ERRORS
tbh prob lol,tbh probably lol,REAL_CHAT_MESSAGES
I guage this.,I gauge this.,SINGLE_WORD_SPELLING
nobody really understood hwy Aisha decided to change the weding plns at hte last minute without telling anyone else who was wodking on the same projct.,Nobody really understood why Aisha decided to change the wedding plans at the last minute without telling anyone else who was working on the same project.,LONG_SENTENCES
aMrk and I were discussing the recipe on our wya to college when suddenly the phone died and we lost half of tye important notes we had taken.,Mark and I were discussing the recipe on our way to college when suddenly the phone died and we lost half of the important notes we had taken.,LONG_SENTENCES
they are playig,They are playing.,MULTIPLE_ERRORS
any more,anymore,WORD_BOUNDARY_ERRORS
the meting is at 10:30am,the meeting is at 10:30am,NUMBERS_SYMBOLS
he speaks English very weol,He speaks English very well.,MULTIPLE_ERRORS
my favorite clr is blue,My favorite color is blue.,MULTIPLE_ERRORS
"even though Mark worked really hqrd on the upcoming exam, the manager said the report still needed several corrections befoe it could be sebt to the client.","Even though Mark worked really hard on the upcoming exam, the manager said the report still needed several corrections before it could be sent to the client.",LONG_SENTENCES
we should sry now,we should sorry now,COMMON_TYPING_ERRORS
it dlesn't matter to me,It doesn't matter to me.,SPELLING_GRAMMAR
"hw about yiu, wht are you doing","how about you, what are you doing",HARD_REAL_USER_TYPING
hw r things,how are things,SHORT_TEXT
can u close the windo pls,"can you close the window, please",AMBIGUOUS_CONTEXT
ur that is true,your that is true,COMMON_TYPING_ERRORS
wht now,what now,SHORT_TEXT
The team are winning the match.,The team is winning the match.,GRAMMAR_ONLY
"during the caol yesteday, Nina epxlained that the rosd cnoditions required more reskurces thna originally planned, so the entire team had to rrarrange their shcedules.","During the call yesterday, Nina explained that the road conditions required more resources than originally planned, so the entire team had to rearrange their schedules.",HARD_REAL_USER_TYPING
beaitiful,beautiful,KEYBOARD_ADJACENCY
nobody really understood why David decided to chnge tue schol assignmnt at tbe last minute without telling anyone else who wss wrking on the same project.,Nobody really understood why David decided to change the school assignment at the last minute without telling anyone else who was working on the same project.,HARD_REAL_USER_TYPING
the spring season is my favrite,the spring season is my favorite,AMBIGUOUS_CONTEXT
frnd,friend,COMMON_TYPING_ERRORS
u pls,you pls,SHORT_TEXT
excus me,excuse me,SHORT_TEXT
honestly she will desert him if he lies agian,"Honestly, she will desert him if he lies again",AMBIGUOUS_CONTEXT
nlbody erally undrstood wy Lisa decided to chaneg te football mathc at hte last mintue without telling anyone else who was working on the same prject.,Nobody really understood why Lisa decided to change the football match at the last minute without telling anyone else who was working on the same project.,HARD_REAL_USER_TYPING
smple,simple,COMMON_TYPING_ERRORS
The teacher were at college this morning.,The teacher was at college this morning.,GRAMMAR_ONLY
we were happy,We were happy.,SPELLING_GRAMMAR
that informatino is wrong,That information is wrong.,SPELLING_GRAMMAR
"during the call yeterday, Priha explainde that te upcoming exam requred more resources htan originally planned, so the entire tem had to rearragne their schedues.","During the call yesterday, Priya explained that the upcoming exam required more resources than originally planned, so the entire team had to rearrange their schedules.",LONG_SENTENCES
cud that is true,could that is true,COMMON_TYPING_ERRORS
tmrw but becuz tho,tomorrow but because tho,REAL_CHAT_MESSAGES
he speaks Englixh very wll,He speaks English very well.,MULTIPLE_ERRORS
i prty that,i pretty that,COMMON_TYPING_ERRORS
Neither of them are ready.,Neither of them is ready.,GRAMMAR_ONLY
k,okay,COMMON_TYPING_ERRORS
marter,matter,KEYBOARD_ADJACENCY
we should thnk now,we should think now,COMMON_TYPING_ERRORS
vry now,very now,SHORT_TEXT
ngl jst rn,ngl just rn,REAL_CHAT_MESSAGES
sje walks to scyool every day,She walks to school every day.,SPELLING_GRAMMAR
text me,text me,SHORT_TEXT
decode,decide,KEYBOARD_ADJACENCY
msg,message,COMMON_TYPING_ERRORS
with out a doubt,without a doubt,WORD_BOUNDARY_ERRORS
ngl tht rn,ngl that rn,REAL_CHAT_MESSAGES
evreybody was exicted about it,Everybody was excited about it.,SPELLING_GRAMMAR
The dog didn't went to the park.,The dog didn't go to the park.,GRAMMAR_ONLY
nbody realy nuderstood why Priya decided to chnge teh school assignmnt at the last monute without telling anyone else who ws wlrking on teh sme project.,Nobody really understood why Priya decided to change the school assignment at the last minute without telling anyone else who was working on the same project.,HARD_REAL_USER_TYPING
recomend,recommend,SINGLE_WORD_SPELLING
generste,generate,KEYBOARD_ADJACENCY
"when we arrved at the park yesetrday, John otld us that the software update had changed completely and nobody had bothered to inform the rewt of hte tam.","When we arrived at the park yesterday, John told us that the software update had changed completely and nobody had bothered to inform the rest of the team.",HARD_REAL_USER_TYPING
im ok,I'm okay,SHORT_TEXT
he was scik last ewek,He was sick last week.,SPELLING_GRAMMAR
imo but hafta tho,in my opinion but have to tho,REAL_CHAT_MESSAGES
hell,he'll,CONTRACTIONS
tue whoke team includng Anna styd laet at the resaurant becase the nww policy needed to be finished before te deadoine tuat was ste for tomorrow mrnng.,The whole team including Anna stayed late at the restaurant because the new policy needed to be finished before the deadline that was set for tomorrow morning.,HARD_REAL_USER_TYPING
"wyen we arived at home yeaterday, Wei otld us thta the contract terms had chagned completely ajd nobdoy hda bothered to infotm tue rets of the team.","When we arrived at home yesterday, Wei told us that the contract terms had changed completely and nobody had bothered to inform the rest of the team.",HARD_REAL_USER_TYPING
"i tink Raj forgkt to menfion that the meteing abuot the quartelry results hzs bewn moved to enxt wek, and nw everyone is confused aout the new schdule.","I think Raj forgot to mention that the meeting about the quarterly results has been moved to next week, and now everyone is confused about the new schedule.",HARD_REAL_USER_TYPING
acommodate,accommodate,SINGLE_WORD_SPELLING
hlp,help,COMMON_TYPING_ERRORS
they lit a fire near the camp,they lit a fire near the camp,AMBIGUOUS_CONTEXT
i bought 12 ticets,I bought 12 tickets,NUMBERS_SYMBOLS
dnt,don't,COMMON_TYPING_ERRORS
respodn,respond,KEYBOARD_ADJACENCY
prolly,probably,COMMON_TYPING_ERRORS
theyve,they've,CONTRACTIONS
"to be hnest, I fogrot whqt we were talkig abotu","to be honest, I forgot what we were talking about",HARD_REAL_USER_TYPING
dfferent,different,KEYBOARD_ADJACENCY
knw i think so,know i think so,COMMON_TYPING_ERRORS
she doesn't like applse,She doesn't like apples.,SPELLING_GRAMMAR
no thing to do it happened.,nothing to do it happened.,WORD_BOUNDARY_ERRORS
ngl idk rn,ngl I don't know rn,REAL_CHAT_MESSAGES
fllw,follow,KEYBOARD_ADJACENCY
gud nite,good night,SHORT_TEXT
"durng tbe call ystrdy, Fatima explained that tye quarterly results requited more resources tnan originally plannde, so the entife team had to rearrange ther schedules.","During the call yesterday, Fatima explained that the quarterly results required more resources than originally planned, so the entire team had to rearrange their schedules.",HARD_REAL_USER_TYPING
hold on,hold on,SHORT_TEXT
He enjoy the weekend.,He enjoy the weekend.,IDENTITY
perfekt?,perfect?,SHORT_TEXT
"wnt, yrs?","want, years?",REAL_CHAT_MESSAGES
she will will call,she will call,REPEATED_WORDS
he used a bat to hit the ball,he used a bat to hit the ball,AMBIGUOUS_CONTEXT
inteligence,intelligence,SINGLE_WORD_SPELLING
the dos are barkig lodly,The dogs are barking loudly.,MULTIPLE_ERRORS
gr8?,great?,SHORT_TEXT
tbh pls lol,tbh please lol,REAL_CHAT_MESSAGES
np but totaly tho,no problem but totally tho,REAL_CHAT_MESSAGES
amtter,matter,KEYBOARD_ADJACENCY
"i think Nina forgot to mejtion that teh meeting abkut the recpe has ben moved to next week, and now everyone is confused about the new shedule.","I think Nina forgot to mention that the meeting about the recipe has been moved to next week, and now everyone is confused about the new schedule.",LONG_SENTENCES
He arrive on time.,He arrive on time.,IDENTITY
no body it happened.,nobody it happened.,WORD_BOUNDARY_ERRORS
bro l8r fr,bro later fr,REAL_CHAT_MESSAGES
embarass,embarrass,SINGLE_WORD_SPELLING
imo man,in my opinion man,SHORT_TEXT
wht that is true,what that is true,COMMON_TYPING_ERRORS
bday,birthday,COMMON_TYPING_ERRORS
thx pls,thanks pls,SHORT_TEXT
fvaorite,favorite,KEYBOARD_ADJACENCY
"during the call yesterday, Kecin explaindd that the tracel itineraty required more resources than originally planned, so te entkre team had to rearrange their schedules.","During the call yesterday, Kevin explained that the travel itinerary required more resources than originally planned, so the entire team had to rearrange their schedules.",LONG_SENTENCES
I cook dinner together.,I cook dinner together.,IDENTITY
shell too late now,she'll too late now,CONTRACTIONS
ngl np rn,ngl no problem rn,REAL_CHAT_MESSAGES
repitition,repetition,SINGLE_WORD_SPELLING
I am understanding the lesson now.,I understand the lesson now.,GRAMMAR_ONLY
im back,I'm back,SHORT_TEXT
compuger,computer,KEYBOARD_ADJACENCY
she trvael oten,She travel often.,MULTIPLE_ERRORS
"undrstnd, whr?","understand, where?",REAL_CHAT_MESSAGES
rdy,ready,COMMON_TYPING_ERRORS
tom and I were discussing the school assgnment on our way to te ofifce whwn suddenly the phone died ahd we lost hafl of the important nts we had taken.,Tom and I were discussing the school assignment on our way to the office when suddenly the phone died and we lost half of the important notes we had taken.,LONG_SENTENCES
She always make mistakes.,She always makes mistakes.,GRAMMAR_ONLY
out side the house,outside the house,WORD_BOUNDARY_ERRORS
why are you late,Why are you late?,PUNCTUATION
these shoes ae too small,These shoes are too small.,MULTIPLE_ERRORS
tht,that,COMMON_TYPING_ERRORS
i am fine thanks,"I am fine, thanks.",PUNCTUATION
tbh yea lol,tbh yeah lol,REAL_CHAT_MESSAGES
"during the cqll yesterady, Keivn explained that hte scyool assignment required more resourdes thn orgiinally plnned, so the enitre team had to rdarrange their schedules.","During the call yesterday, Kevin explained that the school assignment required more resources than originally planned, so the entire team had to rearrange their schedules.",HARD_REAL_USER_TYPING
prob now,probably now,SHORT_TEXT
u ok,you ok,SHORT_TEXT
the whole tdam inculding Wei staeyd lste at the warheouse because tne football matfh needed to be ifnished before the deadlije that was set for tpmorrow morning.,The whole team including Wei stayed late at the warehouse because the football match needed to be finished before the deadline that was set for tomorrow morning.,HARD_REAL_USER_TYPING
he met john yesterday,He met John yesterday,CAPITALIZATION
no wai,no way,SHORT_TEXT
cost is 100 dolar,cost is 100 dollars,NUMBERS_SYMBOLS
im done,I'm done,SHORT_TEXT
i bought 20 pencls,I bought 20 pencils,NUMBERS_SYMBOLS
suprise,surprise,SINGLE_WORD_SPELLING
tehse shoes are too small,These shoes are too small.,SPELLING_GRAMMAR
She doesn't have no idea about the quarterly results.,She doesn't have any idea about the quarterly results.,GRAMMAR_ONLY
our tam travel often,Our team travel often.,MULTIPLE_ERRORS
a way from home,away from home,WORD_BOUNDARY_ERRORS
ths sentnce hs mny errrs,this sentence has many errors,SPELLING_GRAMMAR
i bought 3 boxs,I bought 3 boxes,NUMBERS_SYMBOLS
nobody really understood why Lisa decided to chnge the reipe at the lsat mintue without telling anyone else who was working on the same projetc.,Nobody really understood why Lisa decided to change the recipe at the last minute without telling anyone else who was working on the same project.,LONG_SENTENCES
I gratful this.,I grateful this.,SINGLE_WORD_SPELLING
Maria don't understand the new policy.,Maria doesn't understand the new policy.,GRAMMAR_ONLY
the library is clised on public hooidays,The library is closed on public holidays.,MULTIPLE_ERRORS
honestly the pipe is made of lead,"Honestly, the pipe is made of lead",AMBIGUOUS_CONTEXT
The students completed the assignment on time.,The students completed the assignment on time.,IDENTITY
peehaps,perhaps,KEYBOARD_ADJACENCY
the whole team including Maria stayed late at the warehouse because the rcipe needed to be finished before the deadline tht was set fro tomorrow morning.,The whole team including Maria stayed late at the warehouse because the recipe needed to be finished before the deadline that was set for tomorrow morning.,LONG_SENTENCES
"after spending almost three hours at the waerhouse, Kevin finally admitted that the school assignment was much more complicated than anyone had originally expcted.","After spending almost three hours at the warehouse, Kevin finally admitted that the school assignment was much more complicated than anyone had originally expected.",LONG_SENTENCES
i plzn ahezd,I plan ahead.,MULTIPLE_ERRORS
presance,presence,SINGLE_WORD_SPELLING
frgt now,forgot now,SHORT_TEXT
raj and I were discussing the rcipe on our wya to school when suddenly the phone died nad we lost half of tue important ntes we had taken.,Raj and I were discussing the recipe on our way to school when suddenly the phone died and we lost half of the important notes we had taken.,HARD_REAL_USER_TYPING
nobody really understood hwy Omar decided to chanye the software update at tne lats minute without twlling anyone ele who was working on teh sae porject.,Nobody really understood why Omar decided to change the software update at the last minute without telling anyone else who was working on the same project.,HARD_REAL_USER_TYPING
with out you,without you,WORD_BOUNDARY_ERRORS
y always,why always,SHORT_TEXT
liason,liaison,SINGLE_WORD_SPELLING
the stoe is having a asle this weekend,The store is having a sale this weekend.,MULTIPLE_ERRORS
"mohamemd mentionrd that te sftwre update wuld prbably be delayed agsin, which made veeryone at tye gtm extremely frstrtd nad worried abotu the consequenxes.","Mohammed mentioned that the software update would probably be delayed again, which made everyone at the gym extremely frustrated and worried about the consequences.",HARD_REAL_USER_TYPING
she will desert him if he lies agian,she will desert him if he lies again,AMBIGUOUS_CONTEXT
nt fair,not fair,SHORT_TEXT
"during te cqll yesterday, Carlls explained tht the football match required moer resources than originally planned, so the entire tem had to rearrange their scheduls.","During the call yesterday, Carlos explained that the football match required more resources than originally planned, so the entire team had to rearrange their schedules.",LONG_SENTENCES
i didn't go thwre yestereay,I didn't go there yesterday.,SPELLING_GRAMMAR
wich,which,SINGLE_WORD_SPELLING
He has finish the report on the weather.,He has finished the report on the weather.,GRAMMAR_ONLY
outragous,outrageous,SINGLE_WORD_SPELLING
lst that is true,last that is true,COMMON_TYPING_ERRORS
tue whole team including Sqrah stayed alte at the gym because the school assignment needed to be finished beofre the deadline that was set for tomorrow morning.,The whole team including Sarah stayed late at the gym because the school assignment needed to be finished before the deadline that was set for tomorrow morning.,LONG_SENTENCES
"after spening almost three hours at the hospital, Carlos fnlly amitted that the road concitions wss much more complicated than anyone hqd originally expected.","After spending almost three hours at the hospital, Carlos finally admitted that the road conditions was much more complicated than anyone had originally expected.",LONG_SENTENCES
lst now,last now,SHORT_TEXT
"eben though Mohammed worked really ahrd on the quarterly results, te manager said the report still needed several crrectons before it cpuld be snt to the clnt.","Even though Mohammed worked really hard on the quarterly results, the manager said the report still needed several corrections before it could be sent to the client.",HARD_REAL_USER_TYPING
is this seat taken,Is this seat taken?,PUNCTUATION
he didn't sqy naything,He didn't say anything.,MULTIPLE_ERRORS
I went in side the box yesterday.,I went inside the box yesterday.,WORD_BOUNDARY_ERRORS
probem,problem,KEYBOARD_ADJACENCY
i bought 99 ticets,I bought 99 tickets,NUMBERS_SYMBOLS
rsport,report,KEYBOARD_ADJACENCY
rememher,remember,KEYBOARD_ADJACENCY
honestly they object to the new policy,"Honestly, they object to the new policy",AMBIGUOUS_CONTEXT
"after spending almost three hrs at the meeting room, David finally admitted that the recipe was much mre complicated than anyone had originally expected.","After spending almost three hours at the meeting room, David finally admitted that the recipe was much more complicated than anyone had originally expected.",LONG_SENTENCES
fr fr i was so confusd,"for real, for real, I was so confused",REAL_CHAT_MESSAGES
I went how ever hard i try yesterday.,I went however hard I try yesterday.,WORD_BOUNDARY_ERRORS
i think youve right,i think you've right,CONTRACTIONS
occurence,occurrence,SINGLE_WORD_SPELLING
he speaks english vry well,He speaks English very well.,SPELLING_GRAMMAR
welldone,well done,SHORT_TEXT
bro idk fr,bro I don't know fr,REAL_CHAT_MESSAGES
she study every night,She study every night.,MULTIPLE_ERRORS
"i think Kevin forgot to mention that the meetign about the quarterly results hqs been moved to next wk, and now everyone is confused about the new schedule.","I think Kevin forgot to mention that the meeting about the quarterly results has been moved to next week, and now everyone is confused about the new schedule.",LONG_SENTENCES
shell,she'll,CONTRACTIONS
We talked some how.,We talked somehow.,WORD_BOUNDARY_ERRORS
He didn't went to the city center.,He didn't go to the city center.,GRAMMAR_ONLY
simlpe,simple,KEYBOARD_ADJACENCY
the company will fire him if he is lat agian,the company will fire him if he is late again,AMBIGUOUS_CONTEXT
"during the call yesterday, Sarah explained htat the recipe required mkre resources than originally planned, so the enire team hzd to rearrange their schedules.","During the call yesterday, Sarah explained that the recipe required more resources than originally planned, so the entire team had to rearrange their schedules.",LONG_SENTENCES
yu arrive on time,You arrive on time.,MULTIPLE_ERRORS
l8r man,later man,SHORT_TEXT
tbh msg lol,tbh message lol,REAL_CHAT_MESSAGES
He study every night.,He study every night.,IDENTITY
tbh aint lol,tbh isn't lol,REAL_CHAT_MESSAGES
disapoint,disappoint,SINGLE_WORD_SPELLING
they ae playing,They are playing.,SPELLING_GRAMMAR
"when we arrived at tue gym yesterday, Juia told us that tne school assignment had changed compeltely and nobody had bothered to inform the rest of the team.","When we arrived at the gym yesterday, Julia told us that the school assignment had changed completely and nobody had bothered to inform the rest of the team.",LONG_SENTENCES
exmine,examine,KEYBOARD_ADJACENCY
"during the cll yesterday, Kevin explained tat the weather required more resojrces than originally planned, so the entire team hd to rearrange thwir schedles.","During the call yesterday, Kevin explained that the weather required more resources than originally planned, so the entire team had to rearrange their schedules.",LONG_SENTENCES
yr now,year now,SHORT_TEXT
it rzins a lt in thjs city,It rains a lot in this city.,SPELLING_GRAMMAR
The dog don't understand the project deadline.,The dog doesn't understand the project deadline.,GRAMMAR_ONLY
The dog don't understand the travel itinerary.,The dog doesn't understand the travel itinerary.,GRAMMAR_ONLY
"aint, tmrw?","isn't, tomorrow?",REAL_CHAT_MESSAGES
i k that,i okay that,COMMON_TYPING_ERRORS
i bought 4 ticets,I bought 4 tickets,NUMBERS_SYMBOLS
My father work in a bank.,My father works in a bank.,GRAMMAR_ONLY
k thanks,"okay, thanks",SHORT_TEXT
aint,isn't,COMMON_TYPING_ERRORS
nobody really understood why Kevin decided to change the weather at the last minute wtihout telling anyone else who was working on the same project.,Nobody really understood why Kevin decided to change the weather at the last minute without telling anyone else who was working on the same project.,LONG_SENTENCES
the camel crossed the desert slowly,the camel crossed the desert slowly,AMBIGUOUS_CONTEXT
i strt that,i start that,COMMON_TYPING_ERRORS
david and I were discussing te clirnt meetig on uor wy to tje metng orom wnen sddnly the pbone disd ad we lkst half of the important ontes we hd taken.,David and I were discussing the client meeting on our way to the meeting room when suddenly the phone died and we lost half of the important notes we had taken.,HARD_REAL_USER_TYPING
we are flying to tokyo japan,"We are flying to Tokyo, Japan",CAPITALIZATION
seige,siege,SINGLE_WORD_SPELLING
we wede hzppy,We were happy.,SPELLING_GRAMMAR
they were were happy,they were happy,REPEATED_WORDS
we should shud now,we should should now,COMMON_TYPING_ERRORS
"nvr, yea?","never, yeah?",REAL_CHAT_MESSAGES
every one,everyone,WORD_BOUNDARY_ERRORS
sqm and I wrre discussing the travel tiinerary on our awy to college wen suddenly tue phne died abd we lst half of the important ntes we had taken.,Sam and I were discussing the travel itinerary on our way to college when suddenly the phone died and we lost half of the important notes we had taken.,HARD_REAL_USER_TYPING
idk?,I don't know?,SHORT_TEXT
i swer i sent it alredy,I swear I sent it already,REAL_CHAT_MESSAGES
I arrive on time.,I arrive on time.,IDENTITY
tradgedy,tragedy,SINGLE_WORD_SPELLING
the children play outside,The children play outside.,MULTIPLE_ERRORS
some body,somebody,WORD_BOUNDARY_ERRORS
jilia amd I wrre discussng the upcomng exam on our way to the library when suddenly the phkne disd and we lost hlaf of the important notes we had takrn.,Julia and I were discussing the upcoming exam on our way to the library when suddenly the phone died and we lost half of the important notes we had taken.,HARD_REAL_USER_TYPING
appearence,appearance,SINGLE_WORD_SPELLING
ngl watcha rn,ngl what are you rn,REAL_CHAT_MESSAGES
Tom have a meeting about the rent payment.,Tom has a meeting about the rent payment.,GRAMMAR_ONLY
libary,library,SINGLE_WORD_SPELLING
our team red teh newepaper,Our team read the newspaper.,MULTIPLE_ERRORS
The dog didn't went to home.,The dog didn't go to home.,GRAMMAR_ONLY
liesure,leisure,SINGLE_WORD_SPELLING
"even though Maria wored really hard on the osftware update, the manager said the report stikl needed several corrections before it coukd be sent to the client.","Even though Maria worked really hard on the software update, the manager said the report still needed several corrections before it could be sent to the client.",LONG_SENTENCES
completly,completely,SINGLE_WORD_SPELLING
ngl wnt rn,ngl want rn,REAL_CHAT_MESSAGES
My brother go to the hospital every day.,My brother goes to the hospital every day.,GRAMMAR_ONLY
"durimg the call yesterday, Sarah explained that the project deadline requierd mre resources than originally plannwd, so hte entire team hd to rearrange their schedules.","During the call yesterday, Sarah explained that the project deadline required more resources than originally planned, so the entire team had to rearrange their schedules.",LONG_SENTENCES
my parents aer coming today,My parents are coming today.,SPELLING_GRAMMAR
"after spending almost three hours at the library, Omar finally admitted htat te wddng plans was much mpre complicated than anyone had originally expected.","After spending almost three hours at the library, Omar finally admitted that the wedding plans was much more complicated than anyone had originally expected.",LONG_SENTENCES
he met michael yesterday,He met Michael yesterday,CAPITALIZATION
whats,what's,CONTRACTIONS
the whle twam including Carls stayed late at the hkspital becuse the road conditions needed to be finised before the deadline tht was set for tlmorrow morning.,The whole team including Carlos stayed late at the hospital because the road conditions needed to be finished before the deadline that was set for tomorrow morning.,HARD_REAL_USER_TYPING
my brtoher and sister are here,My brother and sister are here.,SPELLING_GRAMMAR
nobofy erally undrestood why Omar decided to change the footblal match at teh last minute without telling anyone else who wzs worknig on te sme pfoject.,Nobody really understood why Omar decided to change the football match at the last minute without telling anyone else who was working on the same project.,HARD_REAL_USER_TYPING
hez nt rspondng to my txts,he's not responding to my texts,REAL_CHAT_MESSAGES
i agree with yku,I agree with you.,SPELLING_GRAMMAR
bro outta fr,bro out of fr,REAL_CHAT_MESSAGES
heres too late now,here's too late now,CONTRACTIONS
"whdn we arrived at the pafk yesterday, Fatima tod us thzt the cpient meeting hqd changed cmpltely nad nobldy hqd bothered to inform the rest of tue team.","When we arrived at the park yesterday, Fatima told us that the client meeting had changed completely and nobody had bothered to inform the rest of the team.",HARD_REAL_USER_TYPING
ngl ur rn,ngl your rn,REAL_CHAT_MESSAGES
deveoop,develop,KEYBOARD_ADJACENCY
messqge,message,KEYBOARD_ADJACENCY
the prce of vegetables is risjng,The price of vegetables is rising.,SPELLING_GRAMMAR
"during the call yesterday, Pdiya expkained that the reicpe required moee resoirces than originally planned, so teh entire team had to rearrnge their schedules.","During the call yesterday, Priya explained that the recipe required more resources than originally planned, so the entire team had to rearrange their schedules.",LONG_SENTENCES
wont,won't,CONTRACTIONS
I exilerate this.,I exhilarate this.,SINGLE_WORD_SPELLING
he he did it,he did it,REPEATED_WORDS
The students enjoy the weekend.,The students enjoy the weekend.,IDENTITY
We work hard.,We work hard.,IDENTITY
the meeting is on monday,The meeting is on Monday,CAPITALIZATION
becuz i think so,because i think so,COMMON_TYPING_ERRORS
He has finish the report on the wedding plans.,He has finished the report on the wedding plans.,GRAMMAR_ONLY
"when we arrived at college yesterday, Mark told us that te quartelry results had chnged compleetly and nobody had bothered to inform tue rst of the team.","When we arrived at college yesterday, Mark told us that the quarterly results had changed completely and nobody had bothered to inform the rest of the team.",HARD_REAL_USER_TYPING
The manager were at the market this morning.,The manager was at the market this morning.,GRAMMAR_ONLY
it it will rain,it will rain,REPEATED_WORDS
the discount is 20% off,the discount is 20% off,NUMBERS_SYMBOLS
they were at the party,They were at the party.,SPELLING_GRAMMAR
"yo, can you sed tht fle","yo, can you send that file",HARD_REAL_USER_TYPING
omr was trying to explain the upcoming exam to the team but ekpt making mistakes because he aws typing too fast on hs phone whipe walking to the train station.,Omar was trying to explain the upcoming exam to the team but kept making mistakes because he was typing too fast on his phone while walking to the train station.,LONG_SENTENCES
refering,referring,SINGLE_WORD_SPELLING
he diesn't know what to do,He doesn't know what to do.,MULTIPLE_ERRORS
tbe wole tam including Raj styaed late at work because the bdget report neeed to be finshed before the deadline that ws set ofr tomorrow mornng.,The whole team including Raj stayed late at work because the budget report needed to be finished before the deadline that was set for tomorrow morning.,HARD_REAL_USER_TYPING
he hss gone to tne market,He has gone to the market.,SPELLING_GRAMMAR
the mona lisa is in the louvre,The Mona Lisa is in the Louvre,CAPITALIZATION
I went all though it rained yesterday.,I went although it rained yesterday.,WORD_BOUNDARY_ERRORS
yea i think so,yeah i think so,COMMON_TYPING_ERRORS
It go to the library every day.,It goes to the library every day.,GRAMMAR_ONLY
wht,what,COMMON_TYPING_ERRORS
call me @ 9am,call me at 9am,NUMBERS_SYMBOLS
"fatima mentioned tht the contrat terms would rpobably be delayed agin, which made everyone at the ctiy crnter extrmely frustrated abd wortied about tbe consequences.","Fatima mentioned that the contract terms would probably be delayed again, which made everyone at the city center extremely frustrated and worried about the consequences.",HARD_REAL_USER_TYPING
"when we arrived at the gym yesterday, Nina told us htat tge contract terms had changed completeoy and nobody had bothered to inform the rest of tje team.","When we arrived at the gym yesterday, Nina told us that the contract terms had changed completely and nobody had bothered to inform the rest of the team.",LONG_SENTENCES
I unnecesary this.,I unnecessary this.,SINGLE_WORD_SPELLING
"when we arrived at hte trani station yesterday, Tom tod us that the prjoect deadline had changed completely and nobody hqd bothred to inform the rest of the team.","When we arrived at the train station yesterday, Tom told us that the project deadline had changed completely and nobody had bothered to inform the rest of the team.",LONG_SENTENCES
"even though Lisa worked rlly hard on the upcoming xeam, te manager said hte report stll nedd several correctiosn before it cld be sent to the clint.","Even though Lisa worked really hard on the upcoming exam, the manager said the report still needed several corrections before it could be sent to the client.",HARD_REAL_USER_TYPING
"after spendibg almost three hours at the office, aSm finally asmitted tat tue rnet payent was mch mote compliacted than anyone hd originally expedted.","After spending almost three hours at the office, Sam finally admitted that the rent payment was much more complicated than anyone had originally expected.",HARD_REAL_USER_TYPING
She cook dinner together.,She cook dinner together.,IDENTITY
strenght,strength,SINGLE_WORD_SPELLING
i have 2 appls,I have 2 apples,NUMBERS_SYMBOLS
tye dogs are barking loudly,The dogs are barking loudly.,SPELLING_GRAMMAR
iternet,internet,KEYBOARD_ADJACENCY
hTe whole tam including Julia stayed late at tge airport because teh quarterly results needed to be finished before the deadline that ws set for tomoreow morning.,The whole team including Julia stayed late at the airport because the quarterly results needed to be finished before the deadline that was set for tomorrow morning.,HARD_REAL_USER_TYPING
The manager read the newspaper.,The manager read the newspaper.,IDENTITY
can sumone plz explan wat dis erorr msg actuly mins,can someone please explain what this error message actually means,HARD_REAL_USER_TYPING
my father wkrks in a bsnk,My father works in a bank.,SPELLING_GRAMMAR
"durign the call yesterday, Tom explained that the new policy required more resources than originally planned, so the entire tam hqd to rearrange their schedules.","During the call yesterday, Tom explained that the new policy required more resources than originally planned, so the entire team had to rearrange their schedules.",LONG_SENTENCES
sup man hws it goin,"what's up, man, how's it going",REAL_CHAT_MESSAGES
"thru, prty?","through, pretty?",REAL_CHAT_MESSAGES
ngl rdy rn,ngl ready rn,REAL_CHAT_MESSAGES
peopoe,people,KEYBOARD_ADJACENCY
"julia mntnd that the recipe would probably be delayed agin, which made evergone at school extremley frustrtd and worried abt tne conaequences.","Julia mentioned that the recipe would probably be delayed again, which made everyone at school extremely frustrated and worried about the consequences.",HARD_REAL_USER_TYPING
any one home,anyone home,WORD_BOUNDARY_ERRORS
mesage,message,KEYBOARD_ADJACENCY
bro wud fr,bro would fr,REAL_CHAT_MESSAGES
np,no problem,COMMON_TYPING_ERRORS
i don't understadn thos,I don't understand this.,SPELLING_GRAMMAR
punctuallity,punctuality,SINGLE_WORD_SPELLING
eigth,eighth,SINGLE_WORD_SPELLING
weater,weather,KEYBOARD_ADJACENCY
gotta pls,got to pls,SHORT_TEXT
arent,aren't,CONTRACTIONS
john was tying to explain tbe contract terms to the team but kept making mistakes because he was typing too fast on hus phoe while walking to the city center.,John was trying to explain the contract terms to the team but kept making mistakes because he was typing too fast on his phone while walking to the city center.,LONG_SENTENCES
i travel ofyen,I travel often.,MULTIPLE_ERRORS
"wen we arrived at collge yesterdya, Mohajmed told us tht the nw plcy had chnged completely and nobody ahd bothered to niform tje rest of hte tam.","When we arrived at college yesterday, Mohammed told us that the new policy had changed completely and nobody had bothered to inform the rest of the team.",HARD_REAL_USER_TYPING
i spent $50 on groceris,I spent $50 on groceries,NUMBERS_SYMBOLS
The garden looks beautiful in spring.,The garden looks beautiful in spring.,IDENTITY
The dog go to the meeting room every day.,The dog goes to the meeting room every day.,GRAMMAR_ONLY
"wen we arrived at the lbrry yesterday, Asha told us that the project deadlne had changsd compleyely and nobody ahd botherd to inform the rest of the team.","When we arrived at the library yesterday, Aisha told us that the project deadline had changed completely and nobody had bothered to inform the rest of the team.",HARD_REAL_USER_TYPING
she she went home,she went home,REPEATED_WORDS
each of hte students has a obok,Each of the students has a book.,SPELLING_GRAMMAR
That informations is wrong.,That information is wrong.,GRAMMAR_ONLY
oppurtunity,opportunity,SINGLE_WORD_SPELLING
dnt worry,don't worry,SHORT_TEXT
i hace a cr,I have a car.,MULTIPLE_ERRORS
eafh of the students has a book,Each of the students has a book.,MULTIPLE_ERRORS
David were at school this morning.,David was at school this morning.,GRAMMAR_ONLY
idk wht ur saying tbh,"I don't know what you're saying, to be honest",REAL_CHAT_MESSAGES
never the less we went,nevertheless we went,WORD_BOUNDARY_ERRORS
The news are very bad today.,The news is very bad today.,GRAMMAR_ONLY
up stairs now,upstairs now,WORD_BOUNDARY_ERRORS
"even thouhg Tom worekd realoy hard on the school assignment, the amnager saod the report stlil needed sdveral corrections bdfore it culd be sent to teh client.","Even though Tom worked really hard on the school assignment, the manager said the report still needed several corrections before it could be sent to the client.",HARD_REAL_USER_TYPING
she walks to school every day,She walks to school every day.,MULTIPLE_ERRORS
noody rezlly undrstod why Sm decided to change the recipe at the last minute without telling anyone epse who was working on te same projet.,Nobody really understood why Sam decided to change the recipe at the last minute without telling anyone else who was working on the same project.,HARD_REAL_USER_TYPING
The manager were at the meeting room this morning.,The manager was at the meeting room this morning.,GRAMMAR_ONLY
i live in india,I live in India,CAPITALIZATION
Our team cook dinner together.,Our team cook dinner together.,IDENTITY
The manager have went to the hospital already.,The manager has gone to the hospital already.,GRAMMAR_ONLY
some how,somehow,WORD_BOUNDARY_ERRORS
Our team won the championship last season.,Our team won the championship last season.,IDENTITY
recognuze,recognize,KEYBOARD_ADJACENCY
befause,because,KEYBOARD_ADJACENCY
i undeestand the lesson nlw,I understand the lesson now.,MULTIPLE_ERRORS
yesyerday,yesterday,KEYBOARD_ADJACENCY
honestly the bell will ring at noon,"Honestly, the bell will ring at noon",AMBIGUOUS_CONTEXT
hw far,how far,SHORT_TEXT
The manager have went to the restaurant already.,The manager has gone to the restaurant already.,GRAMMAR_ONLY
scool,school,KEYBOARD_ADJACENCY
hygeine,hygiene,SINGLE_WORD_SPELLING
"after spending almost three hours at teh airport, Carlos finally admitted that tne school assignment was much mofe comlpicated than anyone had originally expecged.","After spending almost three hours at the airport, Carlos finally admitted that the school assignment was much more complicated than anyone had originally expected.",LONG_SENTENCES
my mother cooms dinnr every night,My mother cooks dinner every night.,MULTIPLE_ERRORS
remeber,remember,SINGLE_WORD_SPELLING
They is playing.,They are playing.,GRAMMAR_ONLY
seperately,separately,SINGLE_WORD_SPELLING
they hae finished their homework,They have finished their homework.,MULTIPLE_ERRORS
gong,going,KEYBOARD_ADJACENCY
the dosg are braking loudly,The dogs are barking loudly.,SPELLING_GRAMMAR
i have a car,I have a car.,SPELLING_GRAMMAR
what aer you doing right nkw,what are you doing right now,HARD_REAL_USER_TYPING
my father owrks in a bajk,My father works in a bank.,SPELLING_GRAMMAR
wjthout,without,KEYBOARD_ADJACENCY
bro bday fr,bro birthday fr,REAL_CHAT_MESSAGES
they have fiished their homework,They have finished their homework.,SPELLING_GRAMMAR
thru,through,COMMON_TYPING_ERRORS
Maria don't understand the recipe.,Maria doesn't understand the recipe.,GRAMMAR_ONLY
pls that is true,please that is true,COMMON_TYPING_ERRORS
nobody really understood why Saeah decided to change te schkol assignment at the lat minute without telling ayone else wno was working on hte same project.,Nobody really understood why Sarah decided to change the school assignment at the last minute without telling anyone else who was working on the same project.,LONG_SENTENCES
whn,when,COMMON_TYPING_ERRORS
lisa was trying to explain the new policy to the team but kept makihg mistakes because he was typkng too fast on his phone wile walking to hte office.,Lisa was trying to explain the new policy to the team but kept making mistakes because he was typing too fast on his phone while walking to the office.,LONG_SENTENCES
carlos and I were discussing the roda codnitions on our way to the meeting room when suddenly the phone died and we lost half of the important notes we had tkn.,Carlos and I were discussing the road conditions on our way to the meeting room when suddenly the phone died and we lost half of the important notes we had taken.,LONG_SENTENCES
cn u resnd tht emial pls,"can you resend that email, please",REAL_CHAT_MESSAGES
We talked can not believe it.,We talked cannot believe it.,WORD_BOUNDARY_ERRORS
smthg,something,COMMON_TYPING_ERRORS
im nt shur if the fle was evn sent corectly,I'm not sure if the file was even sent correctly,HARD_REAL_USER_TYPING
The dog has finish the report on the quarterly results.,The dog has finished the report on the quarterly results.,GRAMMAR_ONLY
i think its right,i think it's right,CONTRACTIONS
I forgot to charge my phone last night.,I forgot to charge my phone last night.,IDENTITY
knowlege,knowledge,SINGLE_WORD_SPELLING
mortgage,mortgage,SINGLE_WORD_SPELLING
with out a doubt it happened.,without a doubt it happened.,WORD_BOUNDARY_ERRORS
thrkugh,through,KEYBOARD_ADJACENCY
the flowers smell nide,The flowers smell nice.,SPELLING_GRAMMAR
i think isnt right,i think isn't right,CONTRACTIONS
managable,manageable,SINGLE_WORD_SPELLING
they wree wtching television,They were watching television.,SPELLING_GRAMMAR
fatima and I were dicussing tue client meeting on ohr way to the meeting room when usddenly the phone died and we lost half of the important nots we had taken.,Fatima and I were discussing the client meeting on our way to the meeting room when suddenly the phone died and we lost half of the important notes we had taken.,LONG_SENTENCES
She walk to school every day.,She walks to school every day.,GRAMMAR_ONLY
It didn't went to the hospital.,It didn't go to the hospital.,GRAMMAR_ONLY
sherif,sheriff,SINGLE_WORD_SPELLING
genrate,generate,KEYBOARD_ADJACENCY
"when we arrived at tje gym yesterday, Tom tld us that the wdding plans had changed conpletely and nobody had bothersd to inform the ret of te team.","When we arrived at the gym yesterday, Tom told us that the wedding plans had changed completely and nobody had bothered to inform the rest of the team.",HARD_REAL_USER_TYPING
ngl wknd rn,ngl weekend rn,REAL_CHAT_MESSAGES
"during the call ystrday, Fatima explained that the budget report required omre resrcs than originally plannd, so the entire tem had to reqrrange their scheduls.","During the call yesterday, Fatima explained that the budget report required more resources than originally planned, so the entire team had to rearrange their schedules.",LONG_SENTENCES
sry,sorry,COMMON_TYPING_ERRORS
athiest,atheist,SINGLE_WORD_SPELLING
We attend the meeting.,We attend the meeting.,IDENTITY
she passed her dtiving tst on hte first attempt,She passed her driving test on the first attempt.,MULTIPLE_ERRORS
vry that is true,very that is true,COMMON_TYPING_ERRORS
i bought 24 bottls,I bought 24 bottles,NUMBERS_SYMBOLS
i bought 27 boxs,I bought 27 boxes,NUMBERS_SYMBOLS
funcfion,function,KEYBOARD_ADJACENCY
omar was trying to explain hte buxget reprt to the team but kpt making mistakes because he was typing to fast on his phone while walking to the gym.,Omar was trying to explain the budget report to the team but kept making mistakes because he was typing too fast on his phone while walking to the gym.,LONG_SENTENCES
bruh this aint wrking lol,"bro, this isn't working, lol",REAL_CHAT_MESSAGES
The students arrive on time.,The students arrive on time.,IDENTITY
Tom were at the gym this morning.,Tom was at the gym this morning.,GRAMMAR_ONLY
i didn't go there yesferday,I didn't go there yesterday.,SPELLING_GRAMMAR
nvr,never,COMMON_TYPING_ERRORS
hell going to the store,he'll going to the store,CONTRACTIONS
that inormation is wrobg,That information is wrong.,SPELLING_GRAMMAR
ill,I'll,CONTRACTIONS
he study evry night,He study every night.,MULTIPLE_ERRORS
this is sydney,This is Sydney,CAPITALIZATION
"when we arrived at the restaurant yesterday, Mark tood us that the road conditions had chnged completely and nobody had bothered to inform the rest of the team.","When we arrived at the restaurant yesterday, Mark told us that the road conditions had changed completely and nobody had bothered to inform the rest of the team.",LONG_SENTENCES
ngl kno rn,ngl know rn,REAL_CHAT_MESSAGES
no worrys,no worries,SHORT_TEXT
"wehn we arrived at the meeying room yesetrday, Aisha told us that tge travel itinerary had changed completely and nobody had bothered to inform te rest of teh team.","When we arrived at the meeting room yesterday, Aisha told us that the travel itinerary had changed completely and nobody had bothered to inform the rest of the team.",LONG_SENTENCES
thy don't agree with the plsn,They don't agree with the plan.,SPELLING_GRAMMAR
The company released its annual report.,The company released its annual report.,IDENTITY
"i dknt khow, mabe youre right","I don't know, maybe you're right",HARD_REAL_USER_TYPING
stop right there,Stop right there!,PUNCTUATION
we shud catch up sumtime,we should catch up sometime,REAL_CHAT_MESSAGES
qestin,question,KEYBOARD_ADJACENCY
i think hes right,i think he's right,CONTRACTIONS
propably,probably,COMMON_TYPING_ERRORS
this is wrong wrong,this is wrong,REPEATED_WORDS
i agre with you,I agree with you.,SPELLING_GRAMMAR
he desn't have any monwy,He doesn't have any money.,SPELLING_GRAMMAR
nobody really unerstood why Mohqmmed dceided to change the recipe at the last minute without telling anyone else who was working on the same project.,Nobody really understood why Mohammed decided to change the recipe at the last minute without telling anyone else who was working on the same project.,LONG_SENTENCES
They doesn't agree with the plan.,They don't agree with the plan.,GRAMMAR_ONLY
nobody really understood why Julia decided to change the project deadline at the last minute withut tlling anyone else who wzs working on the same pfoject.,Nobody really understood why Julia decided to change the project deadline at the last minute without telling anyone else who was working on the same project.,LONG_SENTENCES
nither of thm is ready,Neither of them is ready.,SPELLING_GRAMMAR
My sister study every night.,My sister study every night.,IDENTITY
The manager have a meeting about the recipe.,The manager has a meeting about the recipe.,GRAMMAR_ONLY
hTe whloe tem includimg Nia stayed lte at the restaurat because te upcoming exam nreded to be finisbed befre teh deadline thqt was set for tomorrow morming.,The whole team including Nina stayed late at the restaurant because the upcoming exam needed to be finished before the deadline that was set for tomorrow morning.,HARD_REAL_USER_TYPING
the temp is -5 degres,the temperature is -5 degrees,NUMBERS_SYMBOLS
honestly the object of the experimnt was clear,"Honestly, the object of the experiment was clear",AMBIGUOUS_CONTEXT
aihsa and I were discussing the budget report on our way to home when sddenly the phone djed and we lost half of teh important notes we had taken.,Aisha and I were discussing the budget report on our way to home when suddenly the phone died and we lost half of the important notes we had taken.,LONG_SENTENCES
te whole team incldng Jlhn stayed late at the hospitsl becase the new policy needrd to be finished bfore the deadline that was set for tomorrow morning.,The whole team including John stayed late at the hospital because the new policy needed to be finished before the deadline that was set for tomorrow morning.,HARD_REAL_USER_TYPING
Tom have a meeting about the budget report.,Tom has a meeting about the budget report.,GRAMMAR_ONLY
he dudn't say anything,He didn't say anything.,SPELLING_GRAMMAR
we should rdy now,we should ready now,COMMON_TYPING_ERRORS
He speak english very well.,He speaks English very well.,GRAMMAR_ONLY
we are going to the movies,We are going to the movies.,SPELLING_GRAMMAR
syllabel,syllable,SINGLE_WORD_SPELLING
"when we arrived at the city center yesterday, David told us that hte footbqll match had changed completely and nobody had botheed to inform the rest of the tam.","When we arrived at the city center yesterday, David told us that the football match had changed completely and nobody had bothered to inform the rest of the team.",LONG_SENTENCES
"no, tis doesnt make esnse, bro","no, this doesn't make sense, bro",HARD_REAL_USER_TYPING
it was fine fine,it was fine,REPEATED_WORDS
hw long,how long,SHORT_TEXT
honestly the wind blew the contract papers away,"Honestly, the wind blew the contract papers away",AMBIGUOUS_CONTEXT
incidently,incidentally,SINGLE_WORD_SPELLING
I concious this.,I conscious this.,SINGLE_WORD_SPELLING
"wuen we arrived at the city center yesteday, Rsj told us that te slftware update hzd changed completely amd nohody had botheted to niform the erst of te team.","When we arrived at the city center yesterday, Raj told us that the software update had changed completely and nobody had bothered to inform the rest of the team.",HARD_REAL_USER_TYPING
im sory,I'm sorry,SHORT_TEXT
i think youd right,i think you'd right,CONTRACTIONS
he always forgets his keys,He always forgets his keys.,SPELLING_GRAMMAR
can we rexchedule for next week,can we reschedule for next week,HARD_REAL_USER_TYPING
wed going to the store,we'd going to the store,CONTRACTIONS
he celan tne house,He clean the house.,MULTIPLE_ERRORS
"when we arrived at tue park yesterday, Wei told us that the enw policy ahd changed completely adn noboy had bothered to inform the rest of the team.","When we arrived at the park yesterday, Wei told us that the new policy had changed completely and nobody had bothered to inform the rest of the team.",LONG_SENTENCES
goood,good,SINGLE_WORD_SPELLING
succesion,succession,SINGLE_WORD_SPELLING
i go to the gm every morning,I go to the gym every morning.,SPELLING_GRAMMAR
"prolly, gimme?","probably, give me?",REAL_CHAT_MESSAGES
He didn't went to the office.,He didn't go to the office.,GRAMMAR_ONLY
they don't agre with the plqn,They don't agree with the plan.,SPELLING_GRAMMAR
unaminous,unanimous,SINGLE_WORD_SPELLING
"wehn we arrived at the warehouse yestrday, Fatima tpld us tht the client meeting had changed completely and nobody had botheed to infom te rst of the tesm.","When we arrived at the warehouse yesterday, Fatima told us that the client meeting had changed completely and nobody had bothered to inform the rest of the team.",HARD_REAL_USER_TYPING
gneerate,generate,KEYBOARD_ADJACENCY
cnt now,can't now,SHORT_TEXT
Our neighbors invited us over for dinner.,Our neighbors invited us over for dinner.,IDENTITY
feelng,feeling,KEYBOARD_ADJACENCY
propably now,probably now,SHORT_TEXT
hpn that is true,happen that is true,COMMON_TYPING_ERRORS
"i think Priya forgot to mentoin that the meeting about hte quarterly rseults has been moed to next week, and now everynoe is confused abot the new schdule.","I think Priya forgot to mention that the meeting about the quarterly results has been moved to next week, and now everyone is confused about the new schedule.",LONG_SENTENCES
te whkle tam includng Raj styd late at the office bcase teh project dadline needed to be finished before the deadline that wss set for tomorrow morning.,The whole team including Raj stayed late at the office because the project deadline needed to be finished before the deadline that was set for tomorrow morning.,HARD_REAL_USER_TYPING
i think we shud jst cal it,I think we should just call it,REAL_CHAT_MESSAGES
tbe bridge was built ovr a hundred years ago,The bridge was built over a hundred years ago.,MULTIPLE_ERRORS
mohanmed was trying to exlain the travl itierary to the tesm ubt kept makihg mstakes becaue he aws typkng to fzst on ihs phone while walknig to owrk.,Mohammed was trying to explain the travel itinerary to the team but kept making mistakes because he was typing too fast on his phone while walking to work.,HARD_REAL_USER_TYPING
i undersand the ldsson now,I understand the lesson now.,SPELLING_GRAMMAR
frgt,forgot,COMMON_TYPING_ERRORS
the team will lead the project,the team will lead the project,AMBIGUOUS_CONTEXT
honestly the deep wound needed stiches,"Honestly, the deep wound needed stitches",AMBIGUOUS_CONTEXT
I went every one yesterday.,I went everyone yesterday.,WORD_BOUNDARY_ERRORS
heres,here's,CONTRACTIONS
kno man,know man,SHORT_TEXT
David have went to the train station already.,David has gone to the train station already.,GRAMMAR_ONLY
nite man,night man,SHORT_TEXT
we were waiting fro the bus,We were waiting for the bus.,SPELLING_GRAMMAR
te novel was translated into twetny languages,The novel was translated into twenty languages.,MULTIPLE_ERRORS
The manager have went to college already.,The manager has gone to college already.,GRAMMAR_ONLY
c u soon,see you soon,SHORT_TEXT
she has thfee cats,She has three cats.,MULTIPLE_ERRORS
wierd,weird,SINGLE_WORD_SPELLING
he always forgets hs keys,He always forgets his keys.,SPELLING_GRAMMAR
My brother has finish the report on the quarterly results.,My brother has finished the report on the quarterly results.,GRAMMAR_ONLY
tht information is wrong,That information is wrong.,SPELLING_GRAMMAR
wat,what,COMMON_TYPING_ERRORS
we will will see,we will see,REPEATED_WORDS
np i think so,no problem i think so,COMMON_TYPING_ERRORS
"fatima mentioned that the client mesting wouod probably be delayed again, whch mde evryone at tge bank extrekely frustratsd ad worried about the consequences.","Fatima mentioned that the client meeting would probably be delayed again, which made everyone at the bank extremely frustrated and worried about the consequences.",LONG_SENTENCES
u,you,COMMON_TYPING_ERRORS
ngl agian rn,ngl again rn,REAL_CHAT_MESSAGES
maria and I were discussing teh westher on uor wzy to the restaurant when suddenky the phne died ad we lost half of tje ipmortant notes we had tqken.,Maria and I were discussing the weather on our way to the restaurant when suddenly the phone died and we lost half of the important notes we had taken.,HARD_REAL_USER_TYPING
werent,weren't,CONTRACTIONS
honestly she left the light on by mistake,"Honestly, she left the light on by mistake",AMBIGUOUS_CONTEXT
agressive,aggressive,SINGLE_WORD_SPELLING
"when we arrived at the market yesterday, Mohammed told us that the schol assignment had changed completely and nobody had bothered to infrm tne rest of te team.","When we arrived at the market yesterday, Mohammed told us that the school assignment had changed completely and nobody had bothered to inform the rest of the team.",LONG_SENTENCES
abt but gotta tho,about but got to tho,REAL_CHAT_MESSAGES
yetserday,yesterday,KEYBOARD_ADJACENCY
Maria didn't went to the warehouse.,Maria didn't go to the warehouse.,GRAMMAR_ONLY
i go to the gym every moening,I go to the gym every morning.,MULTIPLE_ERRORS
tue team is winning the mztch,The team is winning the match.,SPELLING_GRAMMAR
whats too late now,what's too late now,CONTRACTIONS
"even though Aisa worked really hard on tue recipe, the manager szid the report still needed several corrections befoer it could be semt to the client.","Even though Aisha worked really hard on the recipe, the manager said the report still needed several corrections before it could be sent to the client.",LONG_SENTENCES
smple?,simple?,SHORT_TEXT
we should aint now,we should isn't now,COMMON_TYPING_ERRORS
te novel wqs translated into twenty lamguages,The novel was translated into twenty languages.,MULTIPLE_ERRORS
i paid $15 4 the book,I paid $15 for the book,NUMBERS_SYMBOLS
i bought 59 boxs,I bought 59 boxes,NUMBERS_SYMBOLS
"i think Aisha forgot to mention that the meeting about the cntract terms hzs been movdd to next week, and nw everyone is confused about tbe new schedule.","I think Aisha forgot to mention that the meeting about the contract terms has been moved to next week, and now everyone is confused about the new schedule.",LONG_SENTENCES
tyey are playing,They are playing.,SPELLING_GRAMMAR
"even though Kevin worked realy hard on the football match, the manager said the report still nded several corections before it could be sent to hte clent.","Even though Kevin worked really hard on the football match, the manager said the report still needed several corrections before it could be sent to the client.",LONG_SENTENCES
We cook dinner together.,We cook dinner together.,IDENTITY
"after spending almost thdee hours at the hospital, Julia finally admitted tat the budget report was much more complicated than anyone had originally expected.","After spending almost three hours at the hospital, Julia finally admitted that the budget report was much more complicated than anyone had originally expected.",LONG_SENTENCES
suoport,support,KEYBOARD_ADJACENCY
they have fibished tgeir homework,They have finished their homework.,SPELLING_GRAMMAR
becuase,because,SINGLE_WORD_SPELLING
hbu wat r u doin,"how about you, what are you doing",REAL_CHAT_MESSAGES
"vry, becase?","very, because?",REAL_CHAT_MESSAGES
My sister cook dinner together.,My sister cook dinner together.,IDENTITY
I went can not yesterday.,I went cannot yesterday.,WORD_BOUNDARY_ERRORS
nobody really undestood wyh Mark decided to chagne tbe weather at tue last minite witout tellung anyone eose who aws working on the same projct.,Nobody really understood why Mark decided to change the weather at the last minute without telling anyone else who was working on the same project.,HARD_REAL_USER_TYPING
She arrived any way.,She arrived anyway.,WORD_BOUNDARY_ERRORS
tge cihldren are playing in te yafd,The children are playing in the yard.,MULTIPLE_ERRORS
follw,follow,KEYBOARD_ADJACENCY
we were were tired,we were tired,REPEATED_WORDS
propably but bcoz tho,probably but because tho,REAL_CHAT_MESSAGES
propoganda,propaganda,SINGLE_WORD_SPELLING
msg but becase tho,message but because tho,REAL_CHAT_MESSAGES
"aftdr spehding amost tnree hours at the airpoft, Csrlos finaly admitted that the weding plans was muhc mre complicated thn anyone had originzlly expected.","After spending almost three hours at the airport, Carlos finally admitted that the wedding plans was much more complicated than anyone had originally expected.",HARD_REAL_USER_TYPING
he doesn't know what to do,He doesn't know what to do.,SPELLING_GRAMMAR
"during the call yesterday, Anna explained that the software update required moe resources than originally planned, so the entire tem had to rearrange their schedules.","During the call yesterday, Anna explained that the software update required more resources than originally planned, so the entire team had to rearrange their schedules.",LONG_SENTENCES
The students plan ahead.,The students plan ahead.,IDENTITY
he has two broters,He has two brothers.,SPELLING_GRAMMAR
This is a correct sentence.,This is a correct sentence.,IDENTITY
wholely,wholly,SINGLE_WORD_SPELLING
reherse,rehearse,SINGLE_WORD_SPELLING
She arrived a way from home.,She arrived away from home.,WORD_BOUNDARY_ERRORS
who is that,Who is that?,PUNCTUATION
dont care,don't care,SHORT_TEXT
tmrw,tomorrow,COMMON_TYPING_ERRORS
have you seen my keys,Have you seen my keys?,PUNCTUATION
The manager doesn't have no idea about the recipe.,The manager doesn't have any idea about the recipe.,GRAMMAR_ONLY
you cook dinner together,You cook dinner together.,MULTIPLE_ERRORS
the whle team inlcuding Julia stayed late at the arprt because the qharterly results needed to be finished bfore the edadline that ws srt for tomorrow morhing.,The whole team including Julia stayed late at the airport because the quarterly results needed to be finished before the deadline that was set for tomorrow morning.,HARD_REAL_USER_TYPING
She have went to the train station already.,She has gone to the train station already.,GRAMMAR_ONLY
My brother go to the gym every day.,My brother goes to the gym every day.,GRAMMAR_ONLY
i bought 44 boxs,I bought 44 boxes,NUMBERS_SYMBOLS
we are going to the beahc ths weekend,We are going to the beach this weekend.,MULTIPLE_ERRORS
"even though Sam worked really hadd on te contract terms, the manager said the report still needed several corrections bwfore it could be sent to the client.","Even though Sam worked really hard on the contract terms, the manager said the report still needed several corrections before it could be sent to the client.",LONG_SENTENCES
the whle team including Raj stayed late at the city center becauze the football match needed to be finished before the deadline that wqs set for tomorrow morinng.,The whole team including Raj stayed late at the city center because the football match needed to be finished before the deadline that was set for tomorrow morning.,LONG_SENTENCES
"btw, ur?","by the way, your?",REAL_CHAT_MESSAGES
"i think Lisa frgt to mnton that the meeting about teh clent meeting has been moved to next week, and now everyone is confused about the new schedule.","I think Lisa forgot to mention that the meeting about the client meeting has been moved to next week, and now everyone is confused about the new schedule.",LONG_SENTENCES
"wrng, aint?","wrong, isn't?",REAL_CHAT_MESSAGES
i bought 91 pencls,I bought 91 pencils,NUMBERS_SYMBOLS
"during teh call yesterday, Mohammed explained that the football math rsquired more resources than originally planned, so tge entire tm had to rearrange their schedules.","During the call yesterday, Mohammed explained that the football match required more resources than originally planned, so the entire team had to rearrange their schedules.",LONG_SENTENCES
tht that is true,that that is true,COMMON_TYPING_ERRORS
i bought a new iphone yesterday,I bought a new iPhone yesterday,CAPITALIZATION
john was trying to explain the weather to the team but kpt making mistakes because he was typimg too fast on hs phpne while awlking to work.,John was trying to explain the weather to the team but kept making mistakes because he was typing too fast on his phone while walking to work.,LONG_SENTENCES
she has turee cts,She has three cats.,SPELLING_GRAMMAR
i bought 67 appls,I bought 67 apples,NUMBERS_SYMBOLS
She have a new phone.,She has a new phone.,GRAMMAR_ONLY
my father works in a bank,My father works in a bank.,SPELLING_GRAMMAR
i live in germany,I live in Germany,CAPITALIZATION
He clean the house.,He clean the house.,IDENTITY
The dog has finish the report on the project deadline.,The dog has finished the report on the project deadline.,GRAMMAR_ONLY
bro qstn fr,bro question fr,REAL_CHAT_MESSAGES
He has finish the report on the football match.,He has finished the report on the football match.,GRAMMAR_ONLY
the whole team includibg Jukia styaed ltae at teh office because the project deadline needed to be finizhed before te deadline tht was ste for tomordow morning.,The whole team including Julia stayed late at the office because the project deadline needed to be finished before the deadline that was set for tomorrow morning.,HARD_REAL_USER_TYPING
gimme,give me,COMMON_TYPING_ERRORS
yea,yeah,COMMON_TYPING_ERRORS
y wait,why wait,SHORT_TEXT
im really sordy anout yeterday,I'm really sorry about yesterday,HARD_REAL_USER_TYPING
def that is true,definitely that is true,COMMON_TYPING_ERRORS
omw?,on my way?,SHORT_TEXT
everybody was excited about it,Everybody was excited about it.,SPELLING_GRAMMAR
I clean the house.,I clean the house.,IDENTITY
tht now,that now,SHORT_TEXT
sytem,system,KEYBOARD_ADJACENCY
i go to the gum every mroning,I go to the gym every morning.,SPELLING_GRAMMAR
succesful,successful,SINGLE_WORD_SPELLING
sacrafice,sacrifice,SINGLE_WORD_SPELLING
gonna,going to,COMMON_TYPING_ERRORS
plagerism,plagiarism,SINGLE_WORD_SPELLING
i bought 73 boxs,I bought 73 boxes,NUMBERS_SYMBOLS
good nite,good night,SHORT_TEXT
unsuccessfull,unsuccessful,SINGLE_WORD_SPELLING
no prob,no problem,SHORT_TEXT
She were at the market this morning.,She was at the market this morning.,GRAMMAR_ONLY
interupt,interrupt,SINGLE_WORD_SPELLING
i live in kenya,I live in Kenya,CAPITALIZATION
dissapoint,disappoint,SINGLE_WORD_SPELLING
def,definitely,COMMON_TYPING_ERRORS
you clran the hose,You clean the house.,MULTIPLE_ERRORS
bro np fr,bro no problem fr,REAL_CHAT_MESSAGES
im prety sur i alredy explaind dis 2 u yestrday,I'm pretty sure I already explained this to you yesterday,HARD_REAL_USER_TYPING
"i thnk Raj frgt to mention that the meeting about the wedding plans has been moved to next weke, and now everyone is confused about teh new schedle.","I think Raj forgot to mention that the meeting about the wedding plans has been moved to next week, and now everyone is confused about the new schedule.",LONG_SENTENCES
"during teh call yesterday, Kevin explianed tht the rd conditions requirsd moer ersources than originally plannde, so the entire tdam had to rearrqnge their schedules.","During the call yesterday, Kevin explained that the road conditions required more resources than originally planned, so the entire team had to rearrange their schedules.",HARD_REAL_USER_TYPING
"durjng the call yesterday, Aisha explined htat the recipe required more resources tgan originally plsnned, so the entire twam had to reararnge ther schedules.","During the call yesterday, Aisha explained that the recipe required more resources than originally planned, so the entire team had to rearrange their schedules.",HARD_REAL_USER_TYPING
"ecen though Priya woeked really hard on the rad conditins, tbe manager said te report still needed sveral corrections before it could be sent to the client.","Even though Priya worked really hard on the road conditions, the manager said the report still needed several corrections before it could be sent to the client.",LONG_SENTENCES
aech of hte students has a book,Each of the students has a book.,SPELLING_GRAMMAR
ngl smple rn,ngl simple rn,REAL_CHAT_MESSAGES
we are going to the moies,We are going to the movies.,SPELLING_GRAMMAR
"bor, just swnd te link alerady","bro, just send the link already",HARD_REAL_USER_TYPING
i gimme that,i give me that,COMMON_TYPING_ERRORS
they are playing,They are playing.,SPELLING_GRAMMAR
kevin adn I were discussng tne schpol assignment on ohr way to the meeting room when suddsnly tbe phone died and we lost haf of tye important ntes we had taken.,Kevin and I were discussing the school assignment on our way to the meeting room when suddenly the phone died and we lost half of the important notes we had taken.,HARD_REAL_USER_TYPING
You read the newspaper.,You read the newspaper.,IDENTITY
"i think Wei forot to menfion tnat te merting abojt tue quarterly results ahs ben moved to next week, ajd now everyone is confused about the nww schedule.","I think Wei forgot to mention that the meeting about the quarterly results has been moved to next week, and now everyone is confused about the new schedule.",HARD_REAL_USER_TYPING
i tihnk we shud resched the metng 4 nxt wek,I think we should reschedule the meeting for next week,HARD_REAL_USER_TYPING
sorta,sort of,COMMON_TYPING_ERRORS
tmrw but wrng tho,tomorrow but wrong tho,REAL_CHAT_MESSAGES
He commutes to work by bicycle every day.,He commutes to work by bicycle every day.,IDENTITY
she knws tbe answer,She knows the answer.,SPELLING_GRAMMAR
gotta i think so,got to i think so,COMMON_TYPING_ERRORS
hapy bday,happy birthday,SHORT_TEXT
"mst, nah?","must, no?",REAL_CHAT_MESSAGES
we should smwhr now,we should somewhere now,COMMON_TYPING_ERRORS
i bought 42 bottls,I bought 42 bottles,NUMBERS_SYMBOLS
tje wnole team including Mohammd stayed late at the city center because the school assignment needed to be finished before the dealine that was set for tomorrow morning.,The whole team including Mohammed stayed late at the city center because the school assignment needed to be finished before the deadline that was set for tomorrow morning.,LONG_SENTENCES
the amazon river is in south america,The Amazon River is in South America,CAPITALIZATION
hed,he'd,CONTRACTIONS
numbre,number,KEYBOARD_ADJACENCY
some times i forget,sometimes I forget,WORD_BOUNDARY_ERRORS
"when we arrived at the bnk yesterday, David told us that the weding lpans had chqnged completeyl and nobody had btohered to infprm tbe rest of the team.","When we arrived at the bank yesterday, David told us that the wedding plans had changed completely and nobody had bothered to inform the rest of the team.",HARD_REAL_USER_TYPING
She arrived down stairs already.,She arrived downstairs already.,WORD_BOUNDARY_ERRORS
The manager have a meeting about the client meeting.,The manager has a meeting about the client meeting.,GRAMMAR_ONLY
unfortunatly,unfortunately,SINGLE_WORD_SPELLING
sttn,station,KEYBOARD_ADJACENCY
The manager arrive on time.,The manager arrive on time.,IDENTITY
he met robert yesterday,He met Robert yesterday,CAPITALIZATION
tbh hafta lol,tbh have to lol,REAL_CHAT_MESSAGES
I has a car.,I have a car.,GRAMMAR_ONLY
foriegn,foreign,SINGLE_WORD_SPELLING
revord,record,KEYBOARD_ADJACENCY
sbe has three acts,She has three cats.,MULTIPLE_ERRORS
respnod,respond,KEYBOARD_ADJACENCY
hw r u,how are you,SHORT_TEXT
hapn now,happen now,SHORT_TEXT
the whole team including Joyn sfayed late at the hospital becauwe the enw policy needed to be fiinshed before te deadline that was st for toorrow morning.,The whole team including John stayed late at the hospital because the new policy needed to be finished before the deadline that was set for tomorrow morning.,HARD_REAL_USER_TYPING
they they were happy,they were happy,REPEATED_WORDS
totaly man,totally man,SHORT_TEXT
"druing the call yesterday, Prya explainwd that the weather requird more resoyrces than oriinally planned, so the entire team had to rearrange their schedules.","During the call yesterday, Priya explained that the weather required more resources than originally planned, so the entire team had to rearrange their schedules.",HARD_REAL_USER_TYPING
We read the newspaper.,We read the newspaper.,IDENTITY
"after spending almost three hours at the market, Anna finally admitted that tne weddimg plans was muxh more complicared than anyone hzd originally expected.","After spending almost three hours at the market, Anna finally admitted that the wedding plans was much more complicated than anyone had originally expected.",LONG_SENTENCES
the contract was finaly signed,the contract was finally signed,AMBIGUOUS_CONTEXT
She attend the meeting.,She attend the meeting.,IDENTITY
daring,daring,SINGLE_WORD_SPELLING
nobody really understood why Carlos decided to change the nw policy at the last mijute without telling anyone else wo was working on the same projcet.,Nobody really understood why Carlos decided to change the new policy at the last minute without telling anyone else who was working on the same project.,LONG_SENTENCES
"uDring hte call yexterday, Wsi explainrd that tye upcomign exam required moee resources tgan orihinally poanned, so the entire tam hsd to rearrange thwir sdhedules.","During the call yesterday, Wei explained that the upcoming exam required more resources than originally planned, so the entire team had to rearrange their schedules.",HARD_REAL_USER_TYPING
Our team travel often.,Our team travel often.,IDENTITY
all though it rained,although it rained,WORD_BOUNDARY_ERRORS
unnecesary,unnecessary,SINGLE_WORD_SPELLING
He read the newspaper.,He read the newspaper.,IDENTITY
We study every night.,We study every night.,IDENTITY
"afger spnding almst three hours at the librsry, Tm finlaly admitted that the project dadlne was much moe cmplicated tuan anyone had originally expected.","After spending almost three hours at the library, Tom finally admitted that the project deadline was much more complicated than anyone had originally expected.",HARD_REAL_USER_TYPING
btw man,by the way man,SHORT_TEXT
wrng?,wrong?,SHORT_TEXT
tbh thx lol,tbh thanks lol,REAL_CHAT_MESSAGES
nd,and,COMMON_TYPING_ERRORS
He recently switched to a vegetarian diet.,He recently switched to a vegetarian diet.,IDENTITY
vehical,vehicle,SINGLE_WORD_SPELLING
He always arrives early for appointments.,He always arrives early for appointments.,IDENTITY
havent,haven't,CONTRACTIONS
mohamemd was trying to exlpain teh trsvel itinearry to the team but kpt making mitakes because he wqs typing too fst on hos phone while walking to wrk.,Mohammed was trying to explain the travel itinerary to the team but kept making mistakes because he was typing too fast on his phone while walking to work.,HARD_REAL_USER_TYPING
She arrived a part from this.,She arrived apart from this.,WORD_BOUNDARY_ERRORS
begining,beginning,SINGLE_WORD_SPELLING
agian,again,COMMON_TYPING_ERRORS
he doesn't haev any money,He doesn't have any money.,MULTIPLE_ERRORS
dnt go,don't go,SHORT_TEXT
She doesn't have no idea about the recipe.,She doesn't have any idea about the recipe.,GRAMMAR_ONLY
holidy,holiday,KEYBOARD_ADJACENCY
"even though Mohammed owrked raelly hafd on the bdget erport, the manager sakd hte repkrt stll needed several correctiosn brfore it cluld be sent to tue clkent.","Even though Mohammed worked really hard on the budget report, the manager said the report still needed several corrections before it could be sent to the client.",HARD_REAL_USER_TYPING
mst,must,COMMON_TYPING_ERRORS
im tying btu its not wrking,I'm trying but it's not working,HARD_REAL_USER_TYPING
They enjoy the weekend.,They enjoy the weekend.,IDENTITY
Tom have went to work already.,Tom has gone to work already.,GRAMMAR_ONLY
we should nah now,we should no now,COMMON_TYPING_ERRORS
the manager stdy every night,The manager study every night.,MULTIPLE_ERRORS
kevn and I were discussing the project deadline on our way to hte bank when suddsnly the phone died and we lost hlf of the impotant notes we had taken.,Kevin and I were discussing the project deadline on our way to the bank when suddenly the phone died and we lost half of the important notes we had taken.,LONG_SENTENCES
hpn,happen,COMMON_TYPING_ERRORS
She have been working since morning.,She has been working since morning.,GRAMMAR_ONLY
I threshhold this.,I threshold this.,SINGLE_WORD_SPELLING
"r, prty?","are, pretty?",REAL_CHAT_MESSAGES
ty man,thank you man,SHORT_TEXT
systme,system,KEYBOARD_ADJACENCY
i wknd that,i weekend that,COMMON_TYPING_ERRORS
He have two brothers.,He has two brothers.,GRAMMAR_ONLY
It don't understand the project deadline.,It doesn't understand the project deadline.,GRAMMAR_ONLY
theyd going to the store,they'd going to the store,CONTRACTIONS
functiin,function,KEYBOARD_ADJACENCY
"when we arrived at the park ysterday, Mark todl us that the travel itinerary had cjanged completely and nobody had bothered to inform the rest of tne team.","When we arrived at the park yesterday, Mark told us that the travel itinerary had changed completely and nobody had bothered to inform the rest of the team.",LONG_SENTENCES
l8r,later,COMMON_TYPING_ERRORS
lst,last,COMMON_TYPING_ERRORS
he always forgets his kets,He always forgets his keys.,MULTIPLE_ERRORS
watcha?,what are you?,SHORT_TEXT
i bought 66 pencls,I bought 66 pencils,NUMBERS_SYMBOLS
we don't have time for this,We don't have time for this.,SPELLING_GRAMMAR
tbh u lol,tbh you lol,REAL_CHAT_MESSAGES
we hav 7 days left,we have 7 days left,NUMBERS_SYMBOLS
the statue of liberty is in new york,The Statue of Liberty is in New York,CAPITALIZATION
She have went to the hospital already.,She has gone to the hospital already.,GRAMMAR_ONLY
I went more over he agreed yesterday.,I went moreover he agreed yesterday.,WORD_BOUNDARY_ERRORS
She arrived through out the day.,She arrived throughout the day.,WORD_BOUNDARY_ERRORS
everybody ws excited abot it,Everybody was excited about it.,MULTIPLE_ERRORS
i bought 57 ticets,I bought 57 tickets,NUMBERS_SYMBOLS
ngl kinda rn,ngl kind of rn,REAL_CHAT_MESSAGES
She study every night.,She study every night.,IDENTITY
every where i look,everywhere I look,WORD_BOUNDARY_ERRORS
she has three cats,She has three cats.,SPELLING_GRAMMAR
we lost,we lost,SHORT_TEXT
wreckless,reckless,SINGLE_WORD_SPELLING
tuey don't agree with the plan,They don't agree with the plan.,SPELLING_GRAMMAR
ngl lotta rn,ngl lot of rn,REAL_CHAT_MESSAGES
further more she added,furthermore she added,WORD_BOUNDARY_ERRORS
"during the call yesterday, Mark explained tyat the project deadline required more resources htan originally planhed, so the entre team had to rearrange their schedules.","During the call yesterday, Mark explained that the project deadline required more resources than originally planned, so the entire team had to rearrange their schedules.",LONG_SENTENCES
compiter,computer,KEYBOARD_ADJACENCY
outta that is true,out of that is true,COMMON_TYPING_ERRORS
we we were tired,we were tired,REPEATED_WORDS
The festival attracts thousands of visitors annually.,The festival attracts thousands of visitors annually.,IDENTITY
thx,thanks,COMMON_TYPING_ERRORS
aisha was trging to explain the contract terms to the tam but kept making mistakes because he was typing too fat on his phone while walking to the tain stafion.,Aisha was trying to explain the contract terms to the team but kept making mistakes because he was typing too fast on his phone while walking to the train station.,LONG_SENTENCES
i need 5 mor minuts,I need 5 more minutes,NUMBERS_SYMBOLS
She arrived in deed it was true.,She arrived indeed it was true.,WORD_BOUNDARY_ERRORS
agian that is true,again that is true,COMMON_TYPING_ERRORS
she doesn't loke appls,She doesn't like apples.,SPELLING_GRAMMAR
"durng te call yetserday, John exlpained that the football match required mroe resources thzn originally planned, so hte enture etam had to rearrange ther scuedules.","During the call yesterday, John explained that the football match required more resources than originally planned, so the entire team had to rearrange their schedules.",HARD_REAL_USER_TYPING
the whole tema including Anja stayed late at the airport because the shcool assignment needed to be finished before teh deadline that was sdt for tpmorrow morning.,The whole team including Anna stayed late at the airport because the school assignment needed to be finished before the deadline that was set for tomorrow morning.,LONG_SENTENCES
totaly i think so,totally i think so,COMMON_TYPING_ERRORS
twelth,twelfth,SINGLE_WORD_SPELLING
The manager cook dinner together.,The manager cook dinner together.,IDENTITY
theyre a good idea,they're a good idea,CONTRACTIONS
arent a good idea,aren't a good idea,CONTRACTIONS
explan,explain,KEYBOARD_ADJACENCY
i i am sorry,i am sorry,REPEATED_WORDS
i i was wrong,i was wrong,REPEATED_WORDS
he met peter yesterday,He met Peter yesterday,CAPITALIZATION
We arrive on time.,We arrive on time.,IDENTITY
thre are may people here,There are many people here.,SPELLING_GRAMMAR
"mqrk mentioned that the scohol assignment would pribably be dealyed again, which made everone at te restaurant extremely frustrated and wirried abot tye consequdnces.","Mark mentioned that the school assignment would probably be delayed again, which made everyone at the restaurant extremely frustrated and worried about the consequences.",HARD_REAL_USER_TYPING
the dogs are barking loudly,The dogs are barking loudly.,SPELLING_GRAMMAR
"i think Omar forgot to mention that hte meetnig abut the quarerly results hs been moved to next wek, and niw everyone is confused about te new schedule.","I think Omar forgot to mention that the meeting about the quarterly results has been moved to next week, and now everyone is confused about the new schedule.",HARD_REAL_USER_TYPING
idk man,"I don't know, man",SHORT_TEXT
i go to the gym eevry morning,I go to the gym every morning.,SPELLING_GRAMMAR
bro nd fr,bro and fr,REAL_CHAT_MESSAGES
honestly the deal was closed yestrday,"Honestly, the deal was closed yesterday",AMBIGUOUS_CONTEXT
flourescent,fluorescent,SINGLE_WORD_SPELLING
ngl frgt rn,ngl forgot rn,REAL_CHAT_MESSAGES
i bought 37 boxs,I bought 37 boxes,NUMBERS_SYMBOLS
each of the students hsa a bpok,Each of the students has a book.,MULTIPLE_ERRORS
Tom doesn't have no idea about the contract terms.,Tom doesn't have any idea about the contract terms.,GRAMMAR_ONLY
frgt that is true,forgot that is true,COMMON_TYPING_ERRORS
honestly the spring season is my favrite,"Honestly, the spring season is my favorite",AMBIGUOUS_CONTEXT
I irrelevent this.,I irrelevant this.,SINGLE_WORD_SPELLING
i kno that,i know that,COMMON_TYPING_ERRORS
jlurney,journey,KEYBOARD_ADJACENCY
We talked any one home.,We talked anyone home.,WORD_BOUNDARY_ERRORS
"maria msntioned that the wedxing plans wuld probably be delayed agan, whih made evsryone at te warehouse exteemely frustrqted and worried about tue consequences.","Maria mentioned that the wedding plans would probably be delayed again, which made everyone at the warehouse extremely frustrated and worried about the consequences.",HARD_REAL_USER_TYPING
he always firgets his kwys,He always forgets his keys.,SPELLING_GRAMMAR
were a good idea,we're a good idea,CONTRACTIONS
finaly,finally,SINGLE_WORD_SPELLING
exmple,example,KEYBOARD_ADJACENCY
these shoes are too small,These shoes are too small.,SPELLING_GRAMMAR
nt now,not now,SHORT_TEXT
rmbr but hlp tho,remember but help tho,REAL_CHAT_MESSAGES
he doesn't know wht to do,He doesn't know what to do.,SPELLING_GRAMMAR
honestly she wore a ring on her fingr,"Honestly, she wore a ring on her finger",AMBIGUOUS_CONTEXT
wrk pls,work pls,SHORT_TEXT
you you are late,you are late,REPEATED_WORDS
dis,this,COMMON_TYPING_ERRORS
smthg man,something man,SHORT_TEXT
mke,make,COMMON_TYPING_ERRORS
redeive,receive,KEYBOARD_ADJACENCY
"even though Mohammed worked really had on tye football matvh, hte manager said tje rprt still needed sevearl correcfions before it could be sent to hte cluent.","Even though Mohammed worked really hard on the football match, the manager said the report still needed several corrections before it could be sent to the client.",HARD_REAL_USER_TYPING
"msria metnioned that the wedding plans would probably be delayed again, wjich mzde evsryone at tne ilbrary extremely frustraed and wotried abot teh consequences.","Maria mentioned that the wedding plans would probably be delayed again, which made everyone at the library extremely frustrated and worried about the consequences.",HARD_REAL_USER_TYPING
wud but nd tho,would but and tho,REAL_CHAT_MESSAGES
well,we'll,CONTRACTIONS
thnk,think,COMMON_TYPING_ERRORS
hSe has three cats,She has three cats.,MULTIPLE_ERRORS
realestate,real estate,SINGLE_WORD_SPELLING
gud morning,good morning,SHORT_TEXT
Our team plan ahead.,Our team plan ahead.,IDENTITY
Tom doesn't have no idea about the software update.,Tom doesn't have any idea about the software update.,GRAMMAR_ONLY
its,it's,CONTRACTIONS
dissapear,disappear,SINGLE_WORD_SPELLING
gratful,grateful,SINGLE_WORD_SPELLING
Tom have a meeting about the project deadline.,Tom has a meeting about the project deadline.,GRAMMAR_ONLY
"after spending almost three hours at the gym, Tom finally admitted tht the football match was much more complicated than anyone had orignially expected.","After spending almost three hours at the gym, Tom finally admitted that the football match was much more complicated than anyone had originally expected.",LONG_SENTENCES
"i think Anha forgot to mention that the mweting aboyt the software udate has been moved to next week, ad now everyone is cofnused aboyt tue nw schdule.","I think Anna forgot to mention that the meeting about the software update has been moved to next week, and now everyone is confused about the new schedule.",LONG_SENTENCES
"raj mentioned that the nwe plcy would probably be delyaed aain, which mae everyne at home extrmly frustrted and worried about teh consequences.","Raj mentioned that the new policy would probably be delayed again, which made everyone at home extremely frustrated and worried about the consequences.",HARD_REAL_USER_TYPING
we should vry now,we should very now,COMMON_TYPING_ERRORS
they dno't agree with the pln,They don't agree with the plan.,SPELLING_GRAMMAR
atm,at the moment,COMMON_TYPING_ERRORS
"evdn thkugh Omar worked really hard on tue school assignmnet, teh managsr said the report still needed sevral corrections befoe it could be sent to the cilent.","Even though Omar worked really hard on the school assignment, the manager said the report still needed several corrections before it could be sent to the client.",HARD_REAL_USER_TYPING
im tryin but its nt wrking,I'm trying but it's not working,REAL_CHAT_MESSAGES
some where,somewhere,WORD_BOUNDARY_ERRORS
mment,moment,KEYBOARD_ADJACENCY
"fAter spndng almost three houfs at hte airport, Mohammed fibally admirted that the roda conditions was much omre complicated tyan anyone hda originalky expected.","After spending almost three hours at the airport, Mohammed finally admitted that the road conditions was much more complicated than anyone had originally expected.",HARD_REAL_USER_TYPING
noboey really understood why Lisa decided to change the software update at the last minute without tellign anyone else who was working on the same project.,Nobody really understood why Lisa decided to change the software update at the last minute without telling anyone else who was working on the same project.,LONG_SENTENCES
"duing the czll yesterday, Omar explained that the rent payment required more resources than originally planned, so the entire team had to rearrange their schedules.","During the call yesterday, Omar explained that the rent payment required more resources than originally planned, so the entire team had to rearrange their schedules.",LONG_SENTENCES
weve,we've,CONTRACTIONS
"when we arrivd at the restaurant yesterday, Raj told us thta te budegt report had changed completely and nobocy had bothered to inform the rest of the team.","When we arrived at the restaurant yesterday, Raj told us that the budget report had changed completely and nobody had bothered to inform the rest of the team.",LONG_SENTENCES
i understand the lessn now,I understand the lesson now.,MULTIPLE_ERRORS
nobody really understood wjy Maria decided to change the weater at the lat minute without teling anyone else who wss working on the same project.,Nobody really understood why Maria decided to change the weather at the last minute without telling anyone else who was working on the same project.,LONG_SENTENCES
bcause,because,KEYBOARD_ADJACENCY
the whole team including Carlos stayed lte at work because the recipe needed to be finished before the deadline tgat aws set for tomoerow moening.,The whole team including Carlos stayed late at work because the recipe needed to be finished before the deadline that was set for tomorrow morning.,LONG_SENTENCES
yes i agree with you,"Yes, I agree with you.",PUNCTUATION
the price of vegwtables is irsing,The price of vegetables is rising.,SPELLING_GRAMMAR
the wifi keps disconectng evry fu minuts its anoyng,"the wifi keeps disconnecting every few minutes, it's annoying",HARD_REAL_USER_TYPING
she always makes mistakes,She always makes mistakes.,SPELLING_GRAMMAR
promose,promise,KEYBOARD_ADJACENCY
i bought 46 ticets,I bought 46 tickets,NUMBERS_SYMBOLS
systm,system,KEYBOARD_ADJACENCY
yatch,yacht,SINGLE_WORD_SPELLING
She designed the logo for the new startup.,She designed the logo for the new startup.,IDENTITY
im pretty sure tht wrong tho,I'm pretty sure that's wrong though,REAL_CHAT_MESSAGES
we shud probly chek wit the tem b4 we desid anytin,we should probably check with the team before we decide anything,HARD_REAL_USER_TYPING
maria and I wsre idscussing the clent meetign on our way to home when suddenly the phone died and we lost hslf of the imprtant notes we had taken.,Maria and I were discussing the client meeting on our way to home when suddenly the phone died and we lost half of the important notes we had taken.,LONG_SENTENCES
sne always makes mistakes,She always makes mistakes.,MULTIPLE_ERRORS
perhasp,perhaps,KEYBOARD_ADJACENCY
"i think Omar forgot to mention that the meeting aobut the weathre has ben moved to next week, and now everyone is confused about the new scnedule.","I think Omar forgot to mention that the meeting about the weather has been moved to next week, and now everyone is confused about the new schedule.",LONG_SENTENCES
tbe whole team including Sarah stayed late at te gym because the road conditions needed to be finished before the deadline that was set for tomorrow morning.,The whole team including Sarah stayed late at the gym because the road conditions needed to be finished before the deadline that was set for tomorrow morning.,LONG_SENTENCES
my sister cook dinner toyether,My sister cook dinner together.,MULTIPLE_ERRORS
we hav 6 mor stops,we have 6 more stops,NUMBERS_SYMBOLS
"i thikn Omar forgot to mention that the meeting about the project deadline has bewn moved to next week, amd now everyone is confusde about the new schedule.","I think Omar forgot to mention that the meeting about the project deadline has been moved to next week, and now everyone is confused about the new schedule.",LONG_SENTENCES
We are going to the beach this weekend.,We are going to the beach this weekend.,IDENTITY
they are are coming,they are coming,REPEATED_WORDS
"even though Sarah worked really hard on the road conditions, hte manager said tne report still needed several ocrrections before it could be setn to the clent.","Even though Sarah worked really hard on the road conditions, the manager said the report still needed several corrections before it could be sent to the client.",LONG_SENTENCES
publically,publicly,SINGLE_WORD_SPELLING
we ewre waitihg for the bus,We were waiting for the bus.,SPELLING_GRAMMAR
labratory,laboratory,SINGLE_WORD_SPELLING
shouldnt,shouldn't,CONTRACTIONS
the test is on 12th decmber,the test is on December 12th,NUMBERS_SYMBOLS
"even though Lisa worked rally hard on the road conditions, teh manager said the report still needed severl corrections bfre it could be sent to the client.","Even though Lisa worked really hard on the road conditions, the manager said the report still needed several corrections before it could be sent to the client.",LONG_SENTENCES
He plan ahead.,He plan ahead.,IDENTITY
this is madrid,This is Madrid,CAPITALIZATION
teh whole team including John stayed late at te park because the road conditions needed to be finished before the deadline that was set for tomorrow morning.,The whole team including John stayed late at the park because the road conditions needed to be finished before the deadline that was set for tomorrow morning.,LONG_SENTENCES
ngl thru rn,ngl through rn,REAL_CHAT_MESSAGES
my brother and sister ae heer,My brother and sister are here.,SPELLING_GRAMMAR
tbh smwhr lol,tbh somewhere lol,REAL_CHAT_MESSAGES
evenig,evening,KEYBOARD_ADJACENCY
they object to the new policy,they object to the new policy,AMBIGUOUS_CONTEXT
they were wtaching television,They were watching television.,MULTIPLE_ERRORS
"omar mentiomed that the rexipe woud probably be delayed aagin, which made evryone at collge extrmly frustrated and woried aboht the consequencs.","Omar mentioned that the recipe would probably be delayed again, which made everyone at college extremely frustrated and worried about the consequences.",HARD_REAL_USER_TYPING
y u mad,why are you mad,SHORT_TEXT
feleing,feeling,KEYBOARD_ADJACENCY
upholstry,upholstery,SINGLE_WORD_SPELLING
"even thugh Carls wrked erally ahrd on the rent payment, the manager asid the report still ndd several corrctions before it culd be sent to te cliet.","Even though Carlos worked really hard on the rent payment, the manager said the report still needed several corrections before it could be sent to the client.",HARD_REAL_USER_TYPING
we visited paris last summer,We visited Paris last summer,CAPITALIZATION
teh whole team including Sarah stayed ltae at the meeting room because the project deadline needed to be finished before the deadljne that wss set for tomorrow morning.,The whole team including Sarah stayed late at the meeting room because the project deadline needed to be finished before the deadline that was set for tomorrow morning.,LONG_SENTENCES
My grandmother taught me how to bake bread.,My grandmother taught me how to bake bread.,IDENTITY
she has a new phone,She has a new phone.,SPELLING_GRAMMAR
The teacher were at the gym this morning.,The teacher was at the gym this morning.,GRAMMAR_ONLY
We talked further more she added.,We talked furthermore she added.,WORD_BOUNDARY_ERRORS
my mother cooks dinner evdry niht,My mother cooks dinner every night.,MULTIPLE_ERRORS
the tesm is winming the match,The team is winning the match.,MULTIPLE_ERRORS
you pln aead,You plan ahead.,MULTIPLE_ERRORS
she can can drive,she can drive,REPEATED_WORDS
She were at the restaurant this morning.,She was at the restaurant this morning.,GRAMMAR_ONLY
the whole team includong Kevin stayed late at home because the bdget report needed to be finished before the deadline that was set for tomorrow morning.,The whole team including Kevin stayed late at home because the budget report needed to be finished before the deadline that was set for tomorrow morning.,LONG_SENTENCES
sucfess,success,KEYBOARD_ADJACENCY
She is learning to play the violin.,She is learning to play the violin.,IDENTITY
rceve,receive,KEYBOARD_ADJACENCY
wiht,with,KEYBOARD_ADJACENCY
are you coming or not,Are you coming or not?,PUNCTUATION
asnwer,answer,KEYBOARD_ADJACENCY
He is studying for his final exams.,He is studying for his final exams.,IDENTITY
bro becase fr,bro because fr,REAL_CHAT_MESSAGES
concious,conscious,SINGLE_WORD_SPELLING
mischeivous,mischievous,SINGLE_WORD_SPELLING
he has two brotehrs,He has two brothers.,MULTIPLE_ERRORS
The manager plan ahead.,The manager plan ahead.,IDENTITY
The teacher doesn't have no idea about the budget report.,The teacher doesn't have any idea about the budget report.,GRAMMAR_ONLY
The students was studying hard.,The students were studying hard.,GRAMMAR_ONLY
we should idk now,we should I don't know now,COMMON_TYPING_ERRORS
prtct,protect,KEYBOARD_ADJACENCY
yrs but smple tho,years but simple tho,REAL_CHAT_MESSAGES
excelent,excellent,COMMON_TYPING_ERRORS
She arrived any thing you need.,She arrived anything you need.,WORD_BOUNDARY_ERRORS
plz pls,please pls,SHORT_TEXT
jst,just,COMMON_TYPING_ERRORS
ftma and I were discussing the football match on our way to the hospital whrn suddely the phne dued and we olst half of tge important notes we hd taken.,Fatima and I were discussing the football match on our way to the hospital when suddenly the phone died and we lost half of the important notes we had taken.,HARD_REAL_USER_TYPING
suppprt,support,KEYBOARD_ADJACENCY
untill,until,SINGLE_WORD_SPELLING
they were at te party,They were at the party.,SPELLING_GRAMMAR
of course ill be there,"Of course, I'll be there.",PUNCTUATION
"even though David worked realyl hrad on te nw plcy, the manager siad tue repot tsill needed severql corrections before it cold be setn to hte client.","Even though David worked really hard on the new policy, the manager said the report still needed several corrections before it could be sent to the client.",HARD_REAL_USER_TYPING
Our team read the newspaper.,Our team read the newspaper.,IDENTITY
"even though Raj worked really hard on the budget report, the maanger said the report still needed several ocrrections befre it could be sent to the client.","Even though Raj worked really hard on the budget report, the manager said the report still needed several corrections before it could be sent to the client.",LONG_SENTENCES
nobody reslly understood wjy Aisha decided to chaneg tbe weatehr at the last miunte witout telling anyone else who ws woking on tye same project.,Nobody really understood why Aisha decided to change the weather at the last minute without telling anyone else who was working on the same project.,HARD_REAL_USER_TYPING
yrs,years,COMMON_TYPING_ERRORS
secnod,second,KEYBOARD_ADJACENCY
ana adn I were discussig the project deadline on or wsy to the meeting room wehn sudenly the phone died and we lost half of the important notes we had taken.,Anna and I were discussing the project deadline on our way to the meeting room when suddenly the phone died and we lost half of the important notes we had taken.,LONG_SENTENCES
Our team attend the meeting.,Our team attend the meeting.,IDENTITY
omar and I wre discussing the upcoming exam on our way to the market whn sddnly the phone died and we lowt half of the imprtant nktes we hda taken.,Omar and I were discussing the upcoming exam on our way to the market when suddenly the phone died and we lost half of the important notes we had taken.,LONG_SENTENCES
I preceeding this.,I preceding this.,SINGLE_WORD_SPELLING
"welp, prty?","well, pretty?",REAL_CHAT_MESSAGES
tom and I wefe discussign the cntract ters on our wsy to teh gym when suddenly tge phoe died nad we lost hqlf of tne important nores we had taken.,Tom and I were discussing the contract terms on our way to the gym when suddenly the phone died and we lost half of the important notes we had taken.,HARD_REAL_USER_TYPING
it doesm't matter to me,It doesn't matter to me.,SPELLING_GRAMMAR
ajna wqs tdying to explain the weather to te team but ekpt making mistakes because he was tyipng too fawt on his phone while waking to te market.,Anna was trying to explain the weather to the team but kept making mistakes because he was typing too fast on his phone while walking to the market.,LONG_SENTENCES
"during hte call yesterday, David explained that the contract terms required moe resourcrs than originally planned, so the etnire team had to rearrange their scehdules.","During the call yesterday, David explained that the contract terms required more resources than originally planned, so the entire team had to rearrange their schedules.",LONG_SENTENCES
he is studying world war two,He is studying World War Two,CAPITALIZATION
"when we arrvd at the hospital yesterday, Tom told us that the upfoming exm had changd completely and nobody had bothered to inform the rest of the etam.","When we arrived at the hospital yesterday, Tom told us that the upcoming exam had changed completely and nobody had bothered to inform the rest of the team.",LONG_SENTENCES
i bought 47 appls,I bought 47 apples,NUMBERS_SYMBOLS
the whole team including Mark syayed late at the office because the wedding plas needed to be finished before the deadline that was swt for tomorrow morming.,The whole team including Mark stayed late at the office because the wedding plans needed to be finished before the deadline that was set for tomorrow morning.,LONG_SENTENCES
"during the call eysterday, Aisha explakned tht teh software updare required more resorces thna originally planned, so the entire tam hd to rearrange thekr schedules.","During the call yesterday, Aisha explained that the software update required more resources than originally planned, so the entire team had to rearrange their schedules.",HARD_REAL_USER_TYPING
you travel ofen,You travel often.,MULTIPLE_ERRORS
isnt,isn't,CONTRACTIONS
i plz that,i please that,COMMON_TYPING_ERRORS
pefform,perform,KEYBOARD_ADJACENCY
they weer at the padty,They were at the party.,SPELLING_GRAMMAR
honestly the factory is a manufactring plant,"Honestly, the factory is a manufacturing plant",AMBIGUOUS_CONTEXT
swr pls,swear pls,SHORT_TEXT
luv pls,love pls,SHORT_TEXT
nmbr,number,KEYBOARD_ADJACENCY
She speaks three languages fluently.,She speaks three languages fluently.,IDENTITY
ngl this is prety cool,"not gonna lie, this is pretty cool",REAL_CHAT_MESSAGES
he always forgdts his kes,He always forgets his keys.,MULTIPLE_ERRORS
msg man,message man,SHORT_TEXT
it will will rain,it will rain,REPEATED_WORDS
manahe,manage,KEYBOARD_ADJACENCY
rqj was tryimg to explain the client meeting to the tdam bt kept making mistakes because he was typig oto fst on his phone whike wslking to te gym.,Raj was trying to explain the client meeting to the team but kept making mistakes because he was typing too fast on his phone while walking to the gym.,HARD_REAL_USER_TYPING
"even though Omar wored reaoly hard on the recipe, the manager said the report stkll newded several corrections before it culd be sent to the clinet.","Even though Omar worked really hard on the recipe, the manager said the report still needed several corrections before it could be sent to the client.",LONG_SENTENCES
nogody realy undeestood wyh Carlos decided to chnge the rozd cknditions at te lst minute without teling anyone else who wzs working on the same prject.,Nobody really understood why Carlos decided to change the road conditions at the last minute without telling anyone else who was working on the same project.,HARD_REAL_USER_TYPING
bro imo fr,bro in my opinion fr,REAL_CHAT_MESSAGES
fourty,forty,SINGLE_WORD_SPELLING
the bell will ring at noon,the bell will ring at noon,AMBIGUOUS_CONTEXT
manuever,maneuver,SINGLE_WORD_SPELLING
i go to te gym evwry morning,I go to the gym every morning.,MULTIPLE_ERRORS
"after spending almost thre hurs at hte hospitsl, Prita finaly admitted tnat the quargerly resuots was mch more complicated tan anyoe had originally expected.","After spending almost three hours at the hospital, Priya finally admitted that the quarterly results was much more complicated than anyone had originally expected.",HARD_REAL_USER_TYPING
nt much,not much,SHORT_TEXT
He didn't went to work.,He didn't go to work.,GRAMMAR_ONLY
welp i think so,well i think so,COMMON_TYPING_ERRORS
she doesnt' like apples,She doesn't like apples.,MULTIPLE_ERRORS
My brother didn't went to the airport.,My brother didn't go to the airport.,GRAMMAR_ONLY
It rain a lot in this city.,It rains a lot in this city.,GRAMMAR_ONLY
psycology,psychology,SINGLE_WORD_SPELLING
hello how are you,"Hello, how are you?",PUNCTUATION
sxhool,school,KEYBOARD_ADJACENCY
each of the studnets hsa a book,Each of the students has a book.,SPELLING_GRAMMAR
im pretty syre thzts wrong tbough,I'm pretty sure that's wrong though,HARD_REAL_USER_TYPING
the eiffel tower is in france,The Eiffel Tower is in France,CAPITALIZATION
he speajs english veyr well,He speaks English very well.,SPELLING_GRAMMAR
we won,we won,SHORT_TEXT
wrng,wrong,COMMON_TYPING_ERRORS
I went with out you yesterday.,I went without you yesterday.,WORD_BOUNDARY_ERRORS
maintian,maintain,KEYBOARD_ADJACENCY
the whoke team including David stayed late at teh hospital because hte road cnditions needed to be finsihed befoe the deadline that was swt for tomotrow morning.,The whole team including David stayed late at the hospital because the road conditions needed to be finished before the deadline that was set for tomorrow morning.,LONG_SENTENCES
"even thouh Nnia worked rlly hard on tje road conditons, te manager sadi the repot still nweded sevral corrections before it could be sent to te cliejt.","Even though Nina worked really hard on the road conditions, the manager said the report still needed several corrections before it could be sent to the client.",HARD_REAL_USER_TYPING
te whole team icnluding Rqj stayd late at hlme because te budget report neeed to be finshd bdfore the deadline that wsa set for tomorrow morning.,The whole team including Raj stayed late at home because the budget report needed to be finished before the deadline that was set for tomorrow morning.,HARD_REAL_USER_TYPING
whats up wth you lqtely,what's up with you lately,HARD_REAL_USER_TYPING
prefered,preferred,SINGLE_WORD_SPELLING
becase i think so,because i think so,COMMON_TYPING_ERRORS
these sohes ate too small,These shoes are too small.,SPELLING_GRAMMAR
reasno,reason,KEYBOARD_ADJACENCY
he ges to school,He goes to school.,SPELLING_GRAMMAR
"after spsnding aomost three hours at the library, Julia finally admitted that the footblal match was much more complctd than anyone ahd originally expected.","After spending almost three hours at the library, Julia finally admitted that the football match was much more complicated than anyone had originally expected.",LONG_SENTENCES
he is my ebst friend,He is my best friend.,SPELLING_GRAMMAR
john and I were discussing te lcient meeting on our wy to tge bank when suddenly the phone died and we lost hqlf of tue important nofes we ahd taken.,John and I were discussing the client meeting on our way to the bank when suddenly the phone died and we lost half of the important notes we had taken.,LONG_SENTENCES
sqrah was trying to explain the wedding plans to the tm bht kept making mistakes because he was typing too fast on his phone while walking to the restaurant.,Sarah was trying to explain the wedding plans to the team but kept making mistakes because he was typing too fast on his phone while walking to the restaurant.,LONG_SENTENCES
tbh lst lol,tbh last lol,REAL_CHAT_MESSAGES
I travel often.,I travel often.,IDENTITY
honestly we saw a doctor about the pian,"Honestly, we saw a doctor about the pain",AMBIGUOUS_CONTEXT
tjey tsudy every nigth,They study every night.,MULTIPLE_ERRORS
The teacher have a meeting about the wedding plans.,The teacher has a meeting about the wedding plans.,GRAMMAR_ONLY
discuas,discuss,KEYBOARD_ADJACENCY
nah man,"no, man",SHORT_TEXT
the librry is closed on public holidqys,The library is closed on public holidays.,MULTIPLE_ERRORS
ty but asap tho,thank you but as soon as possible tho,REAL_CHAT_MESSAGES
she knows teh anxwer,She knows the answer.,SPELLING_GRAMMAR
The teacher have went to school already.,The teacher has gone to school already.,GRAMMAR_ONLY
maria was trying to explain tje rnt payment to the teqm btu kept makig mistakes because he was typing tlo fast on hos pnone wile waloing to tye hospital.,Maria was trying to explain the rent payment to the team but kept making mistakes because he was typing too fast on his phone while walking to the hospital.,HARD_REAL_USER_TYPING
There is many people here.,There are many people here.,GRAMMAR_ONLY
"wait, what are we even talkng abot","wait, what are we even talking about",HARD_REAL_USER_TYPING
shes,she's,CONTRACTIONS
the nile river flows through egypt,The Nile River flows through Egypt,CAPITALIZATION
i will try try,i will try,REPEATED_WORDS
Maria didn't went to the bank.,Maria didn't go to the bank.,GRAMMAR_ONLY
up on the table,upon the table,WORD_BOUNDARY_ERRORS
She works at a hospital.,She works at a hospital.,IDENTITY
offife,office,KEYBOARD_ADJACENCY
You clean the house.,You clean the house.,IDENTITY
"when we arrived at the library yesterday, Ssm otld us that the budget replrt had chabged completely adn nobody had bothered to inform the rest of the tema.","When we arrived at the library yesterday, Sam told us that the budget report had changed completely and nobody had bothered to inform the rest of the team.",LONG_SENTENCES
"bcoz, dunno?","because, don't know?",REAL_CHAT_MESSAGES
"i think Wei forgot to mention that the meetng about the quarterly results has been moved to next week, ad now evryne is confused about the new schefule.","I think Wei forgot to mention that the meeting about the quarterly results has been moved to next week, and now everyone is confused about the new schedule.",HARD_REAL_USER_TYPING
thru man,through man,SHORT_TEXT
anna and I wee dscussing tge wedding plzns on or way to the ajrport when suddely tye phone died and we lost hafl of tbe important ntes we hqd taken.,Anna and I were discussing the wedding plans on our way to the airport when suddenly the phone died and we lost half of the important notes we had taken.,HARD_REAL_USER_TYPING
lonelyness,loneliness,SINGLE_WORD_SPELLING
anna and I were discussing te ret payment on our way to the office when suddenly te phone died and we lst half of the important notes we had taken.,Anna and I were discussing the rent payment on our way to the office when suddenly the phone died and we lost half of the important notes we had taken.,LONG_SENTENCES
David have went to the restaurant already.,David has gone to the restaurant already.,GRAMMAR_ONLY
i bought 4 appls,I bought 4 apples,NUMBERS_SYMBOLS
"even though Mohammed worked really hard on te budet report, the manager said te rport still neded several corrections betore it could be esnt to tge client.","Even though Mohammed worked really hard on the budget report, the manager said the report still needed several corrections before it could be sent to the client.",HARD_REAL_USER_TYPING
David have a meeting about the travel itinerary.,David has a meeting about the travel itinerary.,GRAMMAR_ONLY
undrstnd pls,understand pls,SHORT_TEXT
"calros mnetioned that te football macth woukd probably be dlayd again, which made everyone at the arport extremely frustrated abd worried about te consequences.","Carlos mentioned that the football match would probably be delayed again, which made everyone at the airport extremely frustrated and worried about the consequences.",HARD_REAL_USER_TYPING
excelent but watcha tho,excellent but what are you tho,REAL_CHAT_MESSAGES
"i think Sarh frgt to mention that the meeting abput the upcoming exam has bsen mpved to next week, and nwo everyone is confused about tne nwe schedue.","I think Sarah forgot to mention that the meeting about the upcoming exam has been moved to next week, and now everyone is confused about the new schedule.",HARD_REAL_USER_TYPING
hopfuly we cn fingr dis out b4 the deadlin hits,hopefully we can figure this out before the deadline hits,HARD_REAL_USER_TYPING
carlos was trying to exlpain tge new policy to the tema but kept making msitakes because he was typing to fast on hsi phne while walking to the ofifce.,Carlos was trying to explain the new policy to the team but kept making mistakes because he was typing too fast on his phone while walking to the office.,HARD_REAL_USER_TYPING
we should dis now,we should this now,COMMON_TYPING_ERRORS
te river flows thruogh three different contres,The river flows through three different countries.,MULTIPLE_ERRORS
my father worsk in a bamk,My father works in a bank.,SPELLING_GRAMMAR
honestly the contract was finaly signed,"Honestly, the contract was finally signed",AMBIGUOUS_CONTEXT
nobody really undertsood why Carlos decided to chnge te project deadline at the last minute wihout telling anyone else wyo aws working on the same project.,Nobody really understood why Carlos decided to change the project deadline at the last minute without telling anyone else who was working on the same project.,LONG_SENTENCES
he didn't say anything,He didn't say anything.,MULTIPLE_ERRORS
wt now,what now,SHORT_TEXT
Maria didn't went to college.,Maria didn't go to college.,GRAMMAR_ONLY
it is true true,it is true,REPEATED_WORDS
threatning,threatening,SINGLE_WORD_SPELLING
pls but gimme tho,please but give me tho,REAL_CHAT_MESSAGES
He work hard.,He work hard.,IDENTITY
Our team enjoy the weekend.,Our team enjoy the weekend.,IDENTITY
he has gone to the market,He has gone to the market.,SPELLING_GRAMMAR
"when we arrived at the airport yesterday, Tom told us that the upcoming exam had changed completely and nobdy hqd bothered to inform the rest of tbe team.","When we arrived at the airport yesterday, Tom told us that the upcoming exam had changed completely and nobody had bothered to inform the rest of the team.",LONG_SENTENCES
water came out of the spring near the hill,water came out of the spring near the hill,AMBIGUOUS_CONTEXT
She arrived every day i run.,She arrived every day I run.,WORD_BOUNDARY_ERRORS
wud pls,would pls,SHORT_TEXT
undrstnd i think so,understand i think so,COMMON_TYPING_ERRORS
The children plays outside.,The children play outside.,GRAMMAR_ONLY
independant,independent,SINGLE_WORD_SPELLING
"mark mentioned that teh upconing exma owuld probably be delzyed ahain, which made eveyone at work extremely frusttated and worried aboyt the consequenecs.","Mark mentioned that the upcoming exam would probably be delayed again, which made everyone at work extremely frustrated and worried about the consequences.",HARD_REAL_USER_TYPING
The meeting starts at nine o'clock.,The meeting starts at nine o'clock.,IDENTITY
"even though Wei worked really hatd on the cloent meetng, the manager said tye report stjll needed severzl crrctions before it could be sent to the client.","Even though Wei worked really hard on the client meeting, the manager said the report still needed several corrections before it could be sent to the client.",LONG_SENTENCES
the whole team including Raj stayed late at te warehohse because te road conditions needwd to be finished before the deadline that wss set for tomorrow morning.,The whole team including Raj stayed late at the warehouse because the road conditions needed to be finished before the deadline that was set for tomorrow morning.,LONG_SENTENCES
"hafta, strt?","have to, start?",REAL_CHAT_MESSAGES
"i think Mria forgot to metnion that tye meting anout the rad cnoditions has eben mved to net ewek, and now everyne is confsued about te new scyedule.","I think Maria forgot to mention that the meeting about the road conditions has been moved to next week, and now everyone is confused about the new schedule.",HARD_REAL_USER_TYPING
nobody rezlly unferstood why Mqria decided to chane the rent payment at the last minute without telling ayone else who was working on the same project.,Nobody really understood why Maria decided to change the rent payment at the last minute without telling anyone else who was working on the same project.,LONG_SENTENCES
im tryng 2 undrstnd y the systm keps crashng,I'm trying to understand why the system keeps crashing,HARD_REAL_USER_TYPING
They was watching television.,They were watching television.,GRAMMAR_ONLY
The students cook dinner together.,The students cook dinner together.,IDENTITY
restaraunt,restaurant,SINGLE_WORD_SPELLING
we are are done,we are done,REPEATED_WORDS
wknd but np tho,weekend but no problem tho,REAL_CHAT_MESSAGES
"john mentioned that te football mafch wld prbbly be dealyed again, which msde everyone at the libary extremley frustrated ajd worried about the consequences.","John mentioned that the football match would probably be delayed again, which made everyone at the library extremely frustrated and worried about the consequences.",HARD_REAL_USER_TYPING
she she will call,she will call,REPEATED_WORDS
some one called you it happened.,someone called you it happened.,WORD_BOUNDARY_ERRORS
I went every where i look yesterday.,I went everywhere I look yesterday.,WORD_BOUNDARY_ERRORS
this is berlin,This is Berlin,CAPITALIZATION
i gotta that,i got to that,COMMON_TYPING_ERRORS
Our team clean the house.,Our team clean the house.,IDENTITY
wait wat r we even talkin abt,"wait, what are we even talking about",REAL_CHAT_MESSAGES
every thing,everything,WORD_BOUNDARY_ERRORS
i don't understand tis,I don't understand this.,SPELLING_GRAMMAR
wassup wit u latly,what's up with you lately,REAL_CHAT_MESSAGES
millenium,millennium,SINGLE_WORD_SPELLING
hed too late now,he'd too late now,CONTRACTIONS
He go to the park every day.,He goes to the park every day.,GRAMMAR_ONLY
"nina mentioned that the school assignment would probably be delayed again, which made everyone at the park extremely ftustrated and worried about hte consequences.","Nina mentioned that the school assignment would probably be delayed again, which made everyone at the park extremely frustrated and worried about the consequences.",LONG_SENTENCES
You study every night.,You study every night.,IDENTITY
"during the call yesterday, Raj explnd thta hte rlad conidtions requirde more resources than oriyinally ppanned, so te entire team hqd to rearrange thier scjedules.","During the call yesterday, Raj explained that the road conditions required more resources than originally planned, so the entire team had to rearrange their schedules.",HARD_REAL_USER_TYPING
they will win win,they will win,REPEATED_WORDS
she passed her driving test on the first attempt,She passed her driving test on the first attempt.,MULTIPLE_ERRORS
yrs now,years now,SHORT_TEXT
the children poay outside,The children play outside.,SPELLING_GRAMMAR
My brother go to school every day.,My brother goes to school every day.,GRAMMAR_ONLY
we are are ready,we are ready,REPEATED_WORDS
ngl hafta rn,ngl have to rn,REAL_CHAT_MESSAGES
shud but bcoz tho,should but because tho,REAL_CHAT_MESSAGES
im lost,I'm lost,SHORT_TEXT
It don't understand the contract terms.,It doesn't understand the contract terms.,GRAMMAR_ONLY
i luv that,i love that,COMMON_TYPING_ERRORS
David have went to the office already.,David has gone to the office already.,GRAMMAR_ONLY
the bat flew out of the cave at night,the bat flew out of the cave at night,AMBIGUOUS_CONTEXT
im so tired rn ngl,"I'm so tired right now, not gonna lie",REAL_CHAT_MESSAGES
ngl gud rn,ngl good rn,REAL_CHAT_MESSAGES
We enjoy the weekend.,We enjoy the weekend.,IDENTITY
they don't agree wtih hte plsn,They don't agree with the plan.,SPELLING_GRAMMAR
i live in italy,I live in Italy,CAPITALIZATION
my favorite author is shakespeare,My favorite author is Shakespeare,CAPITALIZATION
csn yku sed te pictre again,can you send the picture again,HARD_REAL_USER_TYPING
im here,I'm here,SHORT_TEXT
she doesn't like apples,She doesn't like apples.,SPELLING_GRAMMAR
he was skck ladt wwek,He was sick last week.,SPELLING_GRAMMAR
hapn,happen,COMMON_TYPING_ERRORS
The manager were at the airport this morning.,The manager was at the airport this morning.,GRAMMAR_ONLY
i bought 63 appls,I bought 63 apples,NUMBERS_SYMBOLS
the tezm is winning the macth,The team is winning the match.,MULTIPLE_ERRORS
the nwws is veyr bad tdoay,The news is very bad today.,MULTIPLE_ERRORS
The manager study every night.,The manager study every night.,IDENTITY
imo,in my opinion,COMMON_TYPING_ERRORS
this is seoul,This is Seoul,CAPITALIZATION
camoflage,camouflage,SINGLE_WORD_SPELLING
im going to the store,I'm going to the store,CONTRACTIONS
my sister read the newspaper,My sister read the newspaper.,MULTIPLE_ERRORS
she works for microsoft now,She works for Microsoft now,CAPITALIZATION
"duirng the call yesterday, Liwa expained tht the software update required more resuorces thn ofiginally planned, so hte entire team had to rearrange their schedules.","During the call yesterday, Lisa explained that the software update required more resources than originally planned, so the entire team had to rearrange their schedules.",HARD_REAL_USER_TYPING
She doesn't have no idea about the contract terms.,She doesn't have any idea about the contract terms.,GRAMMAR_ONLY
he study every inght,He study every night.,MULTIPLE_ERRORS
the muntin trail is cosed due to snow,The mountain trail is closed due to snow.,MULTIPLE_ERRORS
theyre,they're,CONTRACTIONS
ngl def rn,ngl definitely rn,REAL_CHAT_MESSAGES
bro smwhr fr,bro somewhere fr,REAL_CHAT_MESSAGES
rn?,right now?,SHORT_TEXT
that informtion is wrong,That information is wrong.,MULTIPLE_ERRORS
moahmmed and I were discussing the football mtch on our way to work when suddenly the phone ded and we lost half of the important nots we had tkaen.,Mohammed and I were discussing the football match on our way to work when suddenly the phone died and we lost half of the important notes we had taken.,LONG_SENTENCES
refered,referred,SINGLE_WORD_SPELLING
invlve,involve,KEYBOARD_ADJACENCY
volcanoe,volcano,SINGLE_WORD_SPELLING
bcoz i think so,because i think so,COMMON_TYPING_ERRORS
perpare,prepare,KEYBOARD_ADJACENCY
can you help me,Can you help me?,PUNCTUATION
he doesn't hve nay money,He doesn't have any money.,MULTIPLE_ERRORS
The weather is nice today.,The weather is nice today.,IDENTITY
he goes to schpol,He goes to school.,SPELLING_GRAMMAR
ngl bday rn,ngl birthday rn,REAL_CHAT_MESSAGES
i think thats right,i think that's right,CONTRACTIONS
"jluia mentioned that the recipe woud probably be edlayed again, which maed evreyone at schl extremely frutrated abd worried baout tje consequences.","Julia mentioned that the recipe would probably be delayed again, which made everyone at school extremely frustrated and worried about the consequences.",HARD_REAL_USER_TYPING
"ty, kinda?","thank you, kind of?",REAL_CHAT_MESSAGES
recognze,recognize,KEYBOARD_ADJACENCY
i hvae a cqr,I have a car.,MULTIPLE_ERRORS
hadnt,hadn't,CONTRACTIONS
"whats up, amn, hows it giong","what's up, man, how's it going",HARD_REAL_USER_TYPING
he alawys forgets his keys,He always forgets his keys.,SPELLING_GRAMMAR
he he was there,he was there,REPEATED_WORDS
this is cairo,This is Cairo,CAPITALIZATION
usible,usable,SINGLE_WORD_SPELLING
i bought 73 appls,I bought 73 apples,NUMBERS_SYMBOLS
k i think so,okay i think so,COMMON_TYPING_ERRORS
nd i think so,and i think so,COMMON_TYPING_ERRORS
we dom't have tume fpr ths,We don't have time for this.,MULTIPLE_ERRORS
My sister work hard.,My sister work hard.,IDENTITY
raj and I weer discssing the redipe on our wy to schiol when sudenly the phone died and we lot haof of tye important nores we had talen.,Raj and I were discussing the recipe on our way to school when suddenly the phone died and we lost half of the important notes we had taken.,HARD_REAL_USER_TYPING
he gave his home address to the driver,he gave his home address to the driver,AMBIGUOUS_CONTEXT
tbh bcoz lol,tbh because lol,REAL_CHAT_MESSAGES
ngl evrybody rn,ngl everybody rn,REAL_CHAT_MESSAGES
idrntify,identify,KEYBOARD_ADJACENCY
i am am sorry,i am sorry,REPEATED_WORDS
he has goe to the market,He has gone to the market.,MULTIPLE_ERRORS
bteter,better,KEYBOARD_ADJACENCY
nobody really underztood why Ljsa decidde to change the upcoming edam at tye lsat minte without tepling anyone ele who wsa working on the same project.,Nobody really understood why Lisa decided to change the upcoming exam at the last minute without telling anyone else who was working on the same project.,HARD_REAL_USER_TYPING
needa pls,need to pls,SHORT_TEXT
anna and I wre discussing tbe wedding plans on uor way to the airport wen suddenly tje phine died and we lost half of the imprtant notes we hsd tamen.,Anna and I were discussing the wedding plans on our way to the airport when suddenly the phone died and we lost half of the important notes we had taken.,HARD_REAL_USER_TYPING
disxuss,discuss,KEYBOARD_ADJACENCY
were,we're,CONTRACTIONS
kinda but bcoz tho,kind of but because tho,REAL_CHAT_MESSAGES
my parents are coming today,My parents are coming today.,SPELLING_GRAMMAR
posable,possible,SINGLE_WORD_SPELLING
te whle tema incluing Maroa stayed lae at wok because te ernt payment needed to be finishde bedore the deadilne that was set for tomorrow morning.,The whole team including Maria stayed late at work because the rent payment needed to be finished before the deadline that was set for tomorrow morning.,HARD_REAL_USER_TYPING
the mountain tril is cosed due to snow,The mountain trail is closed due to snow.,MULTIPLE_ERRORS
"evdn though Sarah worked rlly hard on tne wedcing ppans, the manager asid tue report still needde severl corrections before it could be sent to the coient.","Even though Sarah worked really hard on the wedding plans, the manager said the report still needed several corrections before it could be sent to the client.",HARD_REAL_USER_TYPING
sje designed tue lgo for the new startup,She designed the logo for the new startup.,MULTIPLE_ERRORS
gr8 but thnk tho,great but think tho,REAL_CHAT_MESSAGES
"sam mentiojed htat the budget report would probably be delayed again, which made evedyone at the market extermely frustrated and worried about the consequences.","Sam mentioned that the budget report would probably be delayed again, which made everyone at the market extremely frustrated and worried about the consequences.",LONG_SENTENCES
We talked every body.,We talked everybody.,WORD_BOUNDARY_ERRORS
"egen though Priya wored really haed on tue softwrae update, the mqnager said the repot still ndd several corerctions befroe it could be esnt to the client.","Even though Priya worked really hard on the software update, the manager said the report still needed several corrections before it could be sent to the client.",HARD_REAL_USER_TYPING
guage,gauge,SINGLE_WORD_SPELLING
cn u explan tht agian pls,"can you explain that again, please",REAL_CHAT_MESSAGES
sye wals to scool evry dy,She walks to school every day.,SPELLING_GRAMMAR
nt bad,not bad,SHORT_TEXT
we wee waiting for the bjs,We were waiting for the bus.,SPELLING_GRAMMAR
My brother and sister is here.,My brother and sister are here.,GRAMMAR_ONLY
The students read the newspaper.,The students read the newspaper.,IDENTITY
we weee happy,We were happy.,SPELLING_GRAMMAR
txt,text,COMMON_TYPING_ERRORS
tounge,tongue,SINGLE_WORD_SPELLING
disuss,discuss,KEYBOARD_ADJACENCY
tbh rmbr lol,tbh remember lol,REAL_CHAT_MESSAGES
wonderfhl,wonderful,KEYBOARD_ADJACENCY
"after spendihg almost three hours at the gym, Asha finally admktted tht the road conditions was much moer comlicated than anynoe ahd originally exepcted.","After spending almost three hours at the gym, Aisha finally admitted that the road conditions was much more complicated than anyone had originally expected.",HARD_REAL_USER_TYPING
The teacher have a meeting about the rent payment.,The teacher has a meeting about the rent payment.,GRAMMAR_ONLY
i bought 60 ticets,I bought 60 tickets,NUMBERS_SYMBOLS
evrybody,everybody,COMMON_TYPING_ERRORS
bcse,because,KEYBOARD_ADJACENCY
he has tqo brotheds,He has two brothers.,SPELLING_GRAMMAR
"nian mentioned that the client meeting would probaby be delayed agan, which mqde everyone at the city cnter extremly frustrated ahd woried abuot the cnseqences.","Nina mentioned that the client meeting would probably be delayed again, which made everyone at the city center extremely frustrated and worried about the consequences.",HARD_REAL_USER_TYPING
goverment,government,SINGLE_WORD_SPELLING
prkvide,provide,KEYBOARD_ADJACENCY
You plan ahead.,You plan ahead.,IDENTITY
i was born in march,I was born in March,CAPITALIZATION
qstn,question,COMMON_TYPING_ERRORS
"i think Oar frgt to mention that the meeting about tye schol assignment has bern moved to net week, and now everyone is confused about the new schedule.","I think Omar forgot to mention that the meeting about the school assignment has been moved to next week, and now everyone is confused about the new schedule.",LONG_SENTENCES
strt pls,start pls,SHORT_TEXT
vegitarian,vegetarian,SINGLE_WORD_SPELLING
abt?,about?,SHORT_TEXT
She travel often.,She travel often.,IDENTITY
ecstacy,ecstasy,SINGLE_WORD_SPELLING
no body,nobody,WORD_BOUNDARY_ERRORS
i bought 21 pencls,I bought 21 pencils,NUMBERS_SYMBOLS
we were hapy,We were happy.,MULTIPLE_ERRORS
The mountain trail is closed due to snow.,The mountain trail is closed due to snow.,IDENTITY
wasnt going to the store,wasn't going to the store,CONTRACTIONS
we should wrng now,we should wrong now,COMMON_TYPING_ERRORS
lemme man,let me man,SHORT_TEXT
i i dont know,i dont know,REPEATED_WORDS
honestly he went to the bank to fish yesterday,"Honestly, he went to the bank to fish yesterday",AMBIGUOUS_CONTEXT
the wind blew the contract papers away,the wind blew the contract papers away,AMBIGUOUS_CONTEXT
ngl alredy rn,ngl already rn,REAL_CHAT_MESSAGES
we stdy every nitht,We study every night.,MULTIPLE_ERRORS
honestly the team will lead the project,"Honestly, the team will lead the project",AMBIGUOUS_CONTEXT
i havent slept in 2 days bro,"I haven't slept in two days, bro",REAL_CHAT_MESSAGES
i undrstnd that,i understand that,COMMON_TYPING_ERRORS
"wud, hav?","would, have?",REAL_CHAT_MESSAGES
i ddn't go there yesterdya,I didn't go there yesterday.,SPELLING_GRAMMAR
vaeious,various,KEYBOARD_ADJACENCY
propably that is true,probably that is true,COMMON_TYPING_ERRORS
seh has been worjing since morning,She has been working since morning.,SPELLING_GRAMMAR
"tom mentioned tht the wther would rpobably be delayed again, which made everyone at the market extremely frusyrated and worried about the consequences.","Tom mentioned that the weather would probably be delayed again, which made everyone at the market extremely frustrated and worried about the consequences.",LONG_SENTENCES
corfect,correct,KEYBOARD_ADJACENCY
i bought 31 appls,I bought 31 apples,NUMBERS_SYMBOLS
hru doin today,how are you doing today,REAL_CHAT_MESSAGES
David doesn't have no idea about the client meeting.,David doesn't have any idea about the client meeting.,GRAMMAR_ONLY
"when we arrived at the ciry centre yesterday, David told us that tge client meeting had changed completely and nobody hd bothered to inform tne rest of the team.","When we arrived at the city center yesterday, David told us that the client meeting had changed completely and nobody had bothered to inform the rest of the team.",LONG_SENTENCES
teh news is very bsd today,The news is very bad today.,SPELLING_GRAMMAR
"during the cal yesterdsy, Tom explained that teh travel itinerary required more resources than originaloy planned, so the entire team had to rearrange their schsdules.","During the call yesterday, Tom explained that the travel itinerary required more resources than originally planned, so the entire team had to rearrange their schedules.",HARD_REAL_USER_TYPING
He were sick last week.,He was sick last week.,GRAMMAR_ONLY
"when we arrived at te airport yesterday, John told us that teh software update had changde cmopletely and nobody hqd bothered to inform the rest of the team.","When we arrived at the airport yesterday, John told us that the software update had changed completely and nobody had bothered to inform the rest of the team.",LONG_SENTENCES
he doesn't knw what to do,He doesn't know what to do.,SPELLING_GRAMMAR
"mark mentioned tht the upcoming exam wouod probabyl be delayed agzin, whch mde everyone at wrk extrwmely frustrated and worreid about tge consequences.","Mark mentioned that the upcoming exam would probably be delayed again, which made everyone at work extremely frustrated and worried about the consequences.",HARD_REAL_USER_TYPING
thsre are many people here,There are many people here.,MULTIPLE_ERRORS
"when we arrived at the hospital yewterday, Carlos told us tht the football match had chaned completely and nobody had bothered to inform te rest of the team.","When we arrived at the hospital yesterday, Carlos told us that the football match had changed completely and nobody had bothered to inform the rest of the team.",LONG_SENTENCES
Tom have went to the bank already.,Tom has gone to the bank already.,GRAMMAR_ONLY
perseverence,perseverance,SINGLE_WORD_SPELLING
Our team work hard.,Our team work hard.,IDENTITY
i bought 92 pencls,I bought 92 pencils,NUMBERS_SYMBOLS
i think he dont undrstnd,I think he doesn't understand,SPELLING_GRAMMAR
we should lotta now,we should lot of now,COMMON_TYPING_ERRORS
i think the rport hs a fu mistaks we shud fix,I think the report has a few mistakes we should fix,HARD_REAL_USER_TYPING
my brother and sister are here,My brother and sister are here.,SPELLING_GRAMMAR
rdy but hlp tho,ready but help tho,REAL_CHAT_MESSAGES
It go to the hospital every day.,It goes to the hospital every day.,GRAMMAR_ONLY
religous,religious,SINGLE_WORD_SPELLING
I suround this.,I surround this.,SINGLE_WORD_SPELLING
he goss to school,He goes to school.,MULTIPLE_ERRORS
def now,definitely now,SHORT_TEXT
stton,station,KEYBOARD_ADJACENCY
"after sepnding almost three houts at college, Lixa finally admtited tbat te clinet meefing was much more complicated thsn anyone had originally expected.","After spending almost three hours at college, Lisa finally admitted that the client meeting was much more complicated than anyone had originally expected.",HARD_REAL_USER_TYPING
lotta,lot of,COMMON_TYPING_ERRORS
knw man,know man,SHORT_TEXT
delivdr,deliver,KEYBOARD_ADJACENCY
he didnt say anything,He didn't say anything.,SPELLING_GRAMMAR
we should gud now,we should good now,COMMON_TYPING_ERRORS
i ordered 2 piza,I ordered 2 pizzas,NUMBERS_SYMBOLS
my mlther cooks dnner eery night,My mother cooks dinner every night.,SPELLING_GRAMMAR
hlp?,help?,SHORT_TEXT
The doctor recommended more exercise and rest.,The doctor recommended more exercise and rest.,IDENTITY
asap,as soon as possible,COMMON_TYPING_ERRORS
"thjs is tking forecer, shaking my head","this is taking forever, shaking my head",HARD_REAL_USER_TYPING
The flowers smells nice.,The flowers smell nice.,GRAMMAR_ONLY
he ddin't say anything,He didn't say anything.,SPELLING_GRAMMAR
swr,swear,COMMON_TYPING_ERRORS
She work hard.,She work hard.,IDENTITY
wheres,where's,CONTRACTIONS
every day i run,every day I run,WORD_BOUNDARY_ERRORS
She arrived inthe morning.,She arrived in the morning.,WORD_BOUNDARY_ERRORS
mke now,make now,SHORT_TEXT
rdason,reason,KEYBOARD_ADJACENCY
nt interested,not interested,SHORT_TEXT
i welp that,i well that,COMMON_TYPING_ERRORS
saftey,safety,SINGLE_WORD_SPELLING
i dont know know,i dont know,REPEATED_WORDS
honestly she booked a flight 4 next week,"Honestly, she booked a flight for next week",AMBIGUOUS_CONTEXT
She enjoys reading mystery novels.,She enjoys reading mystery novels.,IDENTITY
happend,happened,SINGLE_WORD_SPELLING
i forgot what I was going to szy,I forgot what I was going to say,HARD_REAL_USER_TYPING
i don't understand this,I don't understand this.,MULTIPLE_ERRORS
"during the call yesterday, Lisa explained that the football mstch rewuired mire ersources tgan originally plnned, so the etire team had to rearrange thier schedules.","During the call yesterday, Lisa explained that the football match required more resources than originally planned, so the entire team had to rearrange their schedules.",LONG_SENTENCES
tye whple team including Fatiam stayed ltae at school becase the quarterly resluts needed to be finished bdfore the deadline that was set for tomorrow morning.,The whole team including Fatima stayed late at school because the quarterly results needed to be finished before the deadline that was set for tomorrow morning.,LONG_SENTENCES
my brother and sister ae here,My brother and sister are here.,SPELLING_GRAMMAR
on to the floor it happened.,onto the floor it happened.,WORD_BOUNDARY_ERRORS
sentance,sentence,SINGLE_WORD_SPELLING
shouldnt a good idea,shouldn't a good idea,CONTRACTIONS
im sry,I'm sorry,SHORT_TEXT
the priec of vegetables is rising,The price of vegetables is rising.,SPELLING_GRAMMAR
"duding the cll yestwrday, Tom explaiend that the quarterly resuts rqired more resources htan roiginally planned, so hte entire team hzd to rearrange tehir schedules.","During the call yesterday, Tom explained that the quarterly results required more resources than originally planned, so the entire team had to rearrange their schedules.",HARD_REAL_USER_TYPING
knw but thnk tho,know but think tho,REAL_CHAT_MESSAGES
this is toronto,This is Toronto,CAPITALIZATION
The dog has finish the report on the new policy.,The dog has finished the report on the new policy.,GRAMMAR_ONLY
bro propably fr,bro probably fr,REAL_CHAT_MESSAGES
he is my best friend,He is my best friend.,SPELLING_GRAMMAR
excelent?,excellent?,SHORT_TEXT
"even though Wei worked really hard on the prlject deadilne, the manager said the report still needed seceral coreections before it could be sent to the client.","Even though Wei worked really hard on the project deadline, the manager said the report still needed several corrections before it could be sent to the client.",LONG_SENTENCES
"kevin mentioned that the wedding plans would probably be delayed again, which made everyone at the city center extremely frutrated and worried about the cosnequences.","Kevin mentioned that the wedding plans would probably be delayed again, which made everyone at the city center extremely frustrated and worried about the consequences.",LONG_SENTENCES
te whle team including Kevin sayed late at college because tue projct deadlone needed to be finished befroe hte deadlibe that was set fr tomorrow mirning.,The whole team including Kevin stayed late at college because the project deadline needed to be finished before the deadline that was set for tomorrow morning.,HARD_REAL_USER_TYPING
The plane landed safely despite the storm.,The plane landed safely despite the storm.,IDENTITY
lemme,let me,COMMON_TYPING_ERRORS
we plan ahd,We plan ahead.,MULTIPLE_ERRORS
parliment,parliament,SINGLE_WORD_SPELLING
The teacher doesn't have no idea about the software update.,The teacher doesn't have any idea about the software update.,GRAMMAR_ONLY
dr smith will see you now,Dr. Smith will see you now,CAPITALIZATION
The manager travel often.,The manager travel often.,IDENTITY
"during teh cal yesterday, Lisa explained htat the porject deadline requied more ersources than originally planned, so tue entire team had to rearrange their schedules.","During the call yesterday, Lisa explained that the project deadline required more resources than originally planned, so the entire team had to rearrange their schedules.",HARD_REAL_USER_TYPING
omar was teying to explain the client meeting to the team but kept making mistakes becahse he was typing too fast on his phone while walking to the park.,Omar was trying to explain the client meeting to the team but kept making mistakes because he was typing too fast on his phone while walking to the park.,LONG_SENTENCES
"evn though Wei worked really hard on the school assignmnet, the manager sqid the report sitll needed severzl corections before it could be set to the client.","Even though Wei worked really hard on the school assignment, the manager said the report still needed several corrections before it could be sent to the client.",LONG_SENTENCES
"after spending almost three hors at the gym, Mara finally admitted tht the recpie was much moe complicated than anyne had originqlly expected.","After spending almost three hours at the gym, Maria finally admitted that the recipe was much more complicated than anyone had originally expected.",HARD_REAL_USER_TYPING
Maria go to the meeting room every day.,Maria goes to the meeting room every day.,GRAMMAR_ONLY
evdrybody was exctd about it,Everybody was excited about it.,SPELLING_GRAMMAR
she dnt knw wt to do,she doesn't know what to do,SPELLING_GRAMMAR
knw,know,COMMON_TYPING_ERRORS
te children play outwide,The children play outside.,SPELLING_GRAMMAR
Maria go to work every day.,Maria goes to work every day.,GRAMMAR_ONLY
They has finished their homework.,They have finished their homework.,GRAMMAR_ONLY
She read the newspaper.,She read the newspaper.,IDENTITY
milage,mileage,SINGLE_WORD_SPELLING
My brother don't understand the school assignment.,My brother doesn't understand the school assignment.,GRAMMAR_ONLY
the whole team icnluding Fatima stayed late at the bank becuse teh road conditions needed to be fknished before the deadlne that was ste fkr tomorrow mornng.,The whole team including Fatima stayed late at the bank because the road conditions needed to be finished before the deadline that was set for tomorrow morning.,HARD_REAL_USER_TYPING
she dont eat met anymor,she doesn't eat meat anymore,SPELLING_GRAMMAR
plz,please,COMMON_TYPING_ERRORS
the folwers smell nice,The flowers smell nice.,MULTIPLE_ERRORS
i bought 88 ticets,I bought 88 tickets,NUMBERS_SYMBOLS
Maria has finish the report on the upcoming exam.,Maria has finished the report on the upcoming exam.,GRAMMAR_ONLY
he did it it,he did it,REPEATED_WORDS
my siwter rrad te newspapr,My sister read the newspaper.,MULTIPLE_ERRORS
it it was fine,it was fine,REPEATED_WORDS
nthg pls,nothing pls,SHORT_TEXT
the whole team including David stqyed late at the gym because the quarterly results needed to be finshed bfore the deadline that ws set for tomorrow morning.,The whole team including David stayed late at the gym because the quarterly results needed to be finished before the deadline that was set for tomorrow morning.,LONG_SENTENCES
it rns a lot in thsi city,It rains a lot in this city.,MULTIPLE_ERRORS
"i dont konw what youre ssying, to be honst","I don't know what you're saying, to be honest",HARD_REAL_USER_TYPING
wanna man,want to man,SHORT_TEXT
nah,no,COMMON_TYPING_ERRORS
yea man,yeah man,SHORT_TEXT
The river flows through three different countries.,The river flows through three different countries.,IDENTITY
maintenence,maintenance,SINGLE_WORD_SPELLING
The dog go to the hospital every day.,The dog goes to the hospital every day.,GRAMMAR_ONLY
she hs bden working since morning,She has been working since morning.,MULTIPLE_ERRORS
Everybody were excited about it.,Everybody was excited about it.,GRAMMAR_ONLY
reprt,report,KEYBOARD_ADJACENCY
"bro, thks isnt working, lol","bro, this isn't working, lol",HARD_REAL_USER_TYPING
We need to submit the report by Friday.,We need to submit the report by Friday.,IDENTITY
She enjoy the weekend.,She enjoy the weekend.,IDENTITY
weve a good idea,we've a good idea,CONTRACTIONS
we should outta now,we should out of now,COMMON_TYPING_ERRORS
"lst, becuz?","last, because?",REAL_CHAT_MESSAGES
It go to the train station every day.,It goes to the train station every day.,GRAMMAR_ONLY
i have funished my homework,I have finished my homework.,MULTIPLE_ERRORS
each of the stdents has a biok,Each of the students has a book.,SPELLING_GRAMMAR
you arriev on time,You arrive on time.,MULTIPLE_ERRORS
Our team study every night.,Our team study every night.,IDENTITY
our team travel oten,Our team travel often.,MULTIPLE_ERRORS
speach,speech,SINGLE_WORD_SPELLING
the plant needs more watr,the plant needs more water,AMBIGUOUS_CONTEXT
nvr that is true,never that is true,COMMON_TYPING_ERRORS
the deep wound needed stiches,the deep wound needed stitches,AMBIGUOUS_CONTEXT
our neighbors invitde us over for dinnr,Our neighbors invited us over for dinner.,MULTIPLE_ERRORS
I read the newspaper.,I read the newspaper.,IDENTITY
"i think Lisa forgto to mention htat te meeting about tue clinet meetijg has ben moved to next week, ad nw evryne is cnfusd about tue new schedule.","I think Lisa forgot to mention that the meeting about the client meeting has been moved to next week, and now everyone is confused about the new schedule.",HARD_REAL_USER_TYPING
"raj mentioned that the rent payment wohld prkbably be delayed again, wihch made everyone at the meeting room extremely frustrated and worried abut the consequences.","Raj mentioned that the rent payment would probably be delayed again, which made everyone at the meeting room extremely frustrated and worried about the consequences.",LONG_SENTENCES
the factory is a manufactring plant,the factory is a manufacturing plant,AMBIGUOUS_CONTEXT
David doesn't have no idea about the football match.,David doesn't have any idea about the football match.,GRAMMAR_ONLY
the whole team including Carlos stayed laye at the hospital because teh road condiitons neded to be fnshed befoe tye deadline that aws ste for tmrrw mornig.,The whole team including Carlos stayed late at the hospital because the road conditions needed to be finished before the deadline that was set for tomorrow morning.,HARD_REAL_USER_TYPING
the team is winning the match,The team is winning the match.,SPELLING_GRAMMAR
atm that is true,at the moment that is true,COMMON_TYPING_ERRORS
my brothsr nad sistre ade here,My brother and sister are here.,MULTIPLE_ERRORS
my afther wrks in a bank,My father works in a bank.,MULTIPLE_ERRORS
"durig te call yesterday, Tom explaind that hte travl itinerary required moe resourxes than orignlly planed, so tje entire team hd to rearrange their schedules.","During the call yesterday, Tom explained that the travel itinerary required more resources than originally planned, so the entire team had to rearrange their schedules.",HARD_REAL_USER_TYPING
becase,because,COMMON_TYPING_ERRORS
she walks to schpol every ady,She walks to school every day.,MULTIPLE_ERRORS
manave,manage,KEYBOARD_ADJACENCY
omr and I were discussing the new policy on our way to home when suddenly the phne died and we lkst half of tye important notse we had taen.,Omar and I were discussing the new policy on our way to home when suddenly the phone died and we lost half of the important notes we had taken.,HARD_REAL_USER_TYPING
smwhr but agian tho,somewhere but again tho,REAL_CHAT_MESSAGES
with in the rules,within the rules,WORD_BOUNDARY_ERRORS
I plan ahead.,I plan ahead.,IDENTITY
Tom were at the warehouse this morning.,Tom was at the warehouse this morning.,GRAMMAR_ONLY
David doesn't have no idea about the upcoming exam.,David doesn't have any idea about the upcoming exam.,GRAMMAR_ONLY
improbe,improve,KEYBOARD_ADJACENCY
thta information is wrong,That information is wrong.,SPELLING_GRAMMAR
peicemeal,piecemeal,SINGLE_WORD_SPELLING
dscss,discuss,KEYBOARD_ADJACENCY
teh children play outside,The children play outside.,SPELLING_GRAMMAR
irritible,irritable,SINGLE_WORD_SPELLING
dnt man,don't man,SHORT_TEXT
We travel often.,We travel often.,IDENTITY
They are renovating the old town hall.,They are renovating the old town hall.,IDENTITY
wasnt,wasn't,CONTRACTIONS
i bought 36 boxs,I bought 36 boxes,NUMBERS_SYMBOLS
resaon,reason,KEYBOARD_ADJACENCY
nobody really undrstod why Aisha decided to change the client meeting at the last minute without telling anyone else who was working on te same project.,Nobody really understood why Aisha decided to change the client meeting at the last minute without telling anyone else who was working on the same project.,LONG_SENTENCES
i go to the gym eveyr morming,I go to the gym every morning.,SPELLING_GRAMMAR
she went went home,she went home,REPEATED_WORDS
they were at the praty,They were at the party.,SPELLING_GRAMMAR
It didn't went to the gym.,It didn't go to the gym.,GRAMMAR_ONLY
My brother go to the airport every day.,My brother goes to the airport every day.,GRAMMAR_ONLY
i bought 26 boxs,I bought 26 boxes,NUMBERS_SYMBOLS
she can drive drive,she can drive,REPEATED_WORDS
mst but luv tho,must but love tho,REAL_CHAT_MESSAGES
go now,go now,SHORT_TEXT
"eevn thogh Maria worked really hard on the cntrct terms, the manaegr saod tne report still nedeed several correctjons before it colud be sent to the client.","Even though Maria worked really hard on the contract terms, the manager said the report still needed several corrections before it could be sent to the client.",HARD_REAL_USER_TYPING
i bought 95 appls,I bought 95 apples,NUMBERS_SYMBOLS
ur but wud tho,your but would tho,REAL_CHAT_MESSAGES
It has finish the report on the project deadline.,It has finished the report on the project deadline.,GRAMMAR_ONLY
My brother don't understand the travel itinerary.,My brother doesn't understand the travel itinerary.,GRAMMAR_ONLY
vegtable,vegetable,SINGLE_WORD_SPELLING
hav but wht tho,have but what tho,REAL_CHAT_MESSAGES
dis is takin 4ever smh,"this is taking forever, shaking my head",REAL_CHAT_MESSAGES
bro yea fr,bro yeah fr,REAL_CHAT_MESSAGES
ysterday,yesterday,KEYBOARD_ADJACENCY
He don't understand the wedding plans.,He doesn't understand the wedding plans.,GRAMMAR_ONLY
mentn,mention,KEYBOARD_ADJACENCY
csrlos wss trying to explain te new policy to the team bjt kspt makig mistaes because he wzs typing too fast on his phone while wakking to the ofifce.,Carlos was trying to explain the new policy to the team but kept making mistakes because he was typing too fast on his phone while walking to the office.,HARD_REAL_USER_TYPING
"during the cll yssterday, Sam explained that the software updage required more resources than originally planned, so the entire team had to raerrange tehir schedules.","During the call yesterday, Sam explained that the software update required more resources than originally planned, so the entire team had to rearrange their schedules.",LONG_SENTENCES
i frnd that,i friend that,COMMON_TYPING_ERRORS
vaious,various,KEYBOARD_ADJACENCY
prtect,protect,KEYBOARD_ADJACENCY
he likes football basketball and tennis,"He likes football, basketball, and tennis.",PUNCTUATION
hve?,have?,SHORT_TEXT
prty,pretty,COMMON_TYPING_ERRORS
corret,correct,KEYBOARD_ADJACENCY
honestly he gave his home address to the driver,"Honestly, he gave his home address to the driver",AMBIGUOUS_CONTEXT
can u jst tel me wat hapend yestrday nite,can you just tell me what happened yesterday night,HARD_REAL_USER_TYPING
The teacher have a meeting about the software update.,The teacher has a meeting about the software update.,GRAMMAR_ONLY
anwer,answer,KEYBOARD_ADJACENCY
nah this doesnt make sense bro,"no, this doesn't make sense, bro",REAL_CHAT_MESSAGES
the flowers smell nuce,The flowers smell nice.,MULTIPLE_ERRORS
specifc,specific,SINGLE_WORD_SPELLING
although tired she kept working,"Although tired, she kept working.",PUNCTUATION
nina and I were discussing teh quaryerly results on our way to home when suddenly the phone dued and we lost half of the important notes we had taken.,Nina and I were discussing the quarterly results on our way to home when suddenly the phone died and we lost half of the important notes we had taken.,LONG_SENTENCES
relly i think so,really i think so,COMMON_TYPING_ERRORS
meet @ 5pm tomorow,meet at 5pm tomorrow,NUMBERS_SYMBOLS
the team is winning the mach,The team is winning the match.,MULTIPLE_ERRORS
He has finish the report on the budget report.,He has finished the report on the budget report.,GRAMMAR_ONLY
"thzts kind of suspicilus, not gonna lie","that's kind of suspicious, not gonna lie",HARD_REAL_USER_TYPING
provjde,provide,KEYBOARD_ADJACENCY
vaccum,vacuum,SINGLE_WORD_SPELLING
"fatima mentioned that te school axsignment would probably be delayed again, which made everyne at the market extremely frustrated and worried about the consequences.","Fatima mentioned that the school assignment would probably be delayed again, which made everyone at the market extremely frustrated and worried about the consequences.",LONG_SENTENCES
yur welcom,you're welcome,SHORT_TEXT
"during the call yestercay, oTm explained that the upfoming exam reauired mre resources than originally planned, so tue entire tsam had to rearrange their schedules.","During the call yesterday, Tom explained that the upcoming exam required more resources than originally planned, so the entire team had to rearrange their schedules.",HARD_REAL_USER_TYPING
The orchestra performed beautifully last night.,The orchestra performed beautifully last night.,IDENTITY
He travel often.,He travel often.,IDENTITY
lemme i think so,let me i think so,COMMON_TYPING_ERRORS
convo pls,conversation pls,SHORT_TEXT
on to the floor,onto the floor,WORD_BOUNDARY_ERRORS
whst,what,KEYBOARD_ADJACENCY
She have a meeting about the wedding plans.,She has a meeting about the wedding plans.,GRAMMAR_ONLY
gaurd,guard,SINGLE_WORD_SPELLING
i hve a czr,I have a car.,SPELLING_GRAMMAR
wouldnt,wouldn't,CONTRACTIONS
incoude,include,KEYBOARD_ADJACENCY
i u that,i you that,COMMON_TYPING_ERRORS
idemtify,identify,KEYBOARD_ADJACENCY
I work hard.,I work hard.,IDENTITY
i can hear hear,i can hear,REPEATED_WORDS
"fatima mentioned that the weather wluld probably be delaysd agn, wihch made everone at te bank extreemly frustrated and worried about the conequences.","Fatima mentioned that the weather would probably be delayed again, which made everyone at the bank extremely frustrated and worried about the consequences.",HARD_REAL_USER_TYPING
jst?,just?,SHORT_TEXT
I aquire this.,I acquire this.,SINGLE_WORD_SPELLING
it was was fine,it was fine,REPEATED_WORDS
i bought 47 boxs,I bought 47 boxes,NUMBERS_SYMBOLS
The manager have a meeting about the quarterly results.,The manager has a meeting about the quarterly results.,GRAMMAR_ONLY
the rate is 3.5% intrest,the rate is 3.5% interest,NUMBERS_SYMBOLS
The teacher have a meeting about the travel itinerary.,The teacher has a meeting about the travel itinerary.,GRAMMAR_ONLY
inclufe,include,KEYBOARD_ADJACENCY
wether,whether,SINGLE_WORD_SPELLING
im hungry,I'm hungry,SHORT_TEXT
ngl mst rn,ngl must rn,REAL_CHAT_MESSAGES
"hWen we arroved at the markt yesterday, Aisna tood us tat the rod condiions had chanted completely and nobody had bofhered to inofrm teh rest of the tem.","When we arrived at the market yesterday, Aisha told us that the road conditions had changed completely and nobody had bothered to inform the rest of the team.",HARD_REAL_USER_TYPING
She have three cats.,She has three cats.,GRAMMAR_ONLY
"txt, needa?","text, need to?",REAL_CHAT_MESSAGES
"sam mentoned that the upcoming exqm wold probably be edlayed again, which made evryne at home extreely frustrated and worried about tbe consequences.","Sam mentioned that the upcoming exam would probably be delayed again, which made everyone at home extremely frustrated and worried about the consequences.",HARD_REAL_USER_TYPING
its fine,it's fine,SHORT_TEXT
my mother coks dinnr every night,My mother cooks dinner every night.,SPELLING_GRAMMAR
You work hard.,You work hard.,IDENTITY
dnt i think so,don't i think so,COMMON_TYPING_ERRORS
bro vry fr,bro very fr,REAL_CHAT_MESSAGES
We is going to the movies.,We are going to the movies.,GRAMMAR_ONLY
we need milk eggs and bread,"We need milk, eggs, and bread.",PUNCTUATION
i am goimg to scjool,I am going to school,SPELLING_GRAMMAR
you plzn ahead,You plan ahead.,MULTIPLE_ERRORS
I enjoy the weekend.,I enjoy the weekend.,IDENTITY
he aws sick last ewek,He was sick last week.,SPELLING_GRAMMAR
the flpwers smll nice,The flowers smell nice.,SPELLING_GRAMMAR
there are many people hede,There are many people here.,SPELLING_GRAMMAR
i live in russia,I live in Russia,CAPITALIZATION
orgnaize,organize,KEYBOARD_ADJACENCY
we saw a doctor about the pian,we saw a doctor about the pain,AMBIGUOUS_CONTEXT
calender,calendar,SINGLE_WORD_SPELLING
ftima was trying to ezplain the sofware update to the tsam but ketp maming mistakes because he was typing too fast on his phone whle walkimg to the office.,Fatima was trying to explain the software update to the team but kept making mistakes because he was typing too fast on his phone while walking to the office.,HARD_REAL_USER_TYPING
evrybody pls,everybody pls,SHORT_TEXT
"during the call yesterday, Priya explained that the road conditions required more resources than originally plannd, so teh entire team had to rearrange thdir schedules.","During the call yesterday, Priya explained that the road conditions required more resources than originally planned, so the entire team had to rearrange their schedules.",LONG_SENTENCES
hve,have,COMMON_TYPING_ERRORS
tje flowers smell nice,The flowers smell nice.,SPELLING_GRAMMAR
it rains a lkt in this city,It rains a lot in this city.,SPELLING_GRAMMAR
he was was there,he was there,REPEATED_WORDS
he has two brothers,He has two brothers.,SPELLING_GRAMMAR
The manager work hard.,The manager work hard.,IDENTITY
i wrk that,i work that,COMMON_TYPING_ERRORS
hafta that is true,have to that is true,COMMON_TYPING_ERRORS
she dodsn't like apples,She doesn't like apples.,SPELLING_GRAMMAR
She plan ahead.,She plan ahead.,IDENTITY
call me,call me,SHORT_TEXT
through out the day,throughout the day,WORD_BOUNDARY_ERRORS
fullfil,fulfil,SINGLE_WORD_SPELLING
I went over all it was good yesterday.,I went overall it was good yesterday.,WORD_BOUNDARY_ERRORS
my brotehr and sister are here,My brother and sister are here.,SPELLING_GRAMMAR
Maria don't understand the travel itinerary.,Maria doesn't understand the travel itinerary.,GRAMMAR_ONLY
the manger clean the house,The manager clean the house.,MULTIPLE_ERRORS
i bought 83 boxs,I bought 83 boxes,NUMBERS_SYMBOLS
generte,generate,KEYBOARD_ADJACENCY
makntain,maintain,KEYBOARD_ADJACENCY
te whole team inluding Mohamjed stayed late at the gym because tje wdding plsns needed to be finished bfore tje deadline that was set fr tomorrow morning.,The whole team including Mohammed stayed late at the gym because the wedding plans needed to be finished before the deadline that was set for tomorrow morning.,HARD_REAL_USER_TYPING
the boeing factory is in seattle,The Boeing factory is in Seattle,CAPITALIZATION
"after psending alost thre hohrs at scool, Lia finally admittd that teh quarterly results was much mpre complicated than anyone had originally expected.","After spending almost three hours at school, Lisa finally admitted that the quarterly results was much more complicated than anyone had originally expected.",HARD_REAL_USER_TYPING
i am sorry sorry,i am sorry,REPEATED_WORDS
David doesn't have no idea about the project deadline.,David doesn't have any idea about the project deadline.,GRAMMAR_ONLY
I posable this.,I possible this.,SINGLE_WORD_SPELLING
she cook dinnre together,She cook dinner together.,MULTIPLE_ERRORS
She were at college this morning.,She was at college this morning.,GRAMMAR_ONLY
She passed her driving test on the first attempt.,She passed her driving test on the first attempt.,IDENTITY
tbh smple lol,tbh simple lol,REAL_CHAT_MESSAGES
the flight is at 6:45am,the flight is at 6:45am,NUMBERS_SYMBOLS
"after spending almpst three huors at the airport, Jlia finlly admitted taht the client meeting was mch more complicated thn anyone hzd originally expected.","After spending almost three hours at the airport, Julia finally admitted that the client meeting was much more complicated than anyone had originally expected.",LONG_SENTENCES
we should gr8 now,we should great now,COMMON_TYPING_ERRORS
btw,by the way,COMMON_TYPING_ERRORS
ineicate,indicate,KEYBOARD_ADJACENCY
"evdn thouth Sarah wrked really hard on te wedding plans, the manaver asid the report still needed seberal corrections befre it could be sent to te client.","Even though Sarah worked really hard on the wedding plans, the manager said the report still needed several corrections before it could be sent to the client.",HARD_REAL_USER_TYPING
suggrst,suggest,KEYBOARD_ADJACENCY
whn pls,when pls,SHORT_TEXT
hes,he's,CONTRACTIONS
honestly can u close the windo pls,"Honestly, can you close the window, please",AMBIGUOUS_CONTEXT
imposible,impossible,SINGLE_WORD_SPELLING
my brother and sister rae hwre,My brother and sister are here.,MULTIPLE_ERRORS
attrmpt,attempt,KEYBOARD_ADJACENCY
if it rains well stay inside,"If it rains, we'll stay inside.",PUNCTUATION
he met linda yesterday,He met Linda yesterday,CAPITALIZATION
she said shed be late,She said she'd be late.,PUNCTUATION
Tom doesn't have no idea about the upcoming exam.,Tom doesn't have any idea about the upcoming exam.,GRAMMAR_ONLY
"when we arruved at the meeting room yestedray, Raj tld us tht the quarterly reslts hsd changed completely and nobody hd botherd to inform hte rst of the etam.","When we arrived at the meeting room yesterday, Raj told us that the quarterly results had changed completely and nobody had bothered to inform the rest of the team.",HARD_REAL_USER_TYPING
thught,thought,KEYBOARD_ADJACENCY
we stdy veery night,We study every night.,MULTIPLE_ERRORS
i waited 4 2 hrs,I waited for 2 hours,NUMBERS_SYMBOLS
"qstn, mst?","question, must?",REAL_CHAT_MESSAGES
I need to buy groceries after work.,I need to buy groceries after work.,IDENTITY
"whrn we arrived at home ystrday, Wei tood us that te contract terms had changed compldtely and nobody had botheeed to inform tge rest of hte team.","When we arrived at home yesterday, Wei told us that the contract terms had changed completely and nobody had bothered to inform the rest of the team.",HARD_REAL_USER_TYPING
"dnt, wud?","don't, would?",REAL_CHAT_MESSAGES
i whn that,i when that,COMMON_TYPING_ERRORS
we should smple now,we should simple now,COMMON_TYPING_ERRORS
rdy that is true,ready that is true,COMMON_TYPING_ERRORS
wknd,weekend,COMMON_TYPING_ERRORS
visable,visible,SINGLE_WORD_SPELLING
"shud, outta?","should, out of?",REAL_CHAT_MESSAGES
i bought 58 ticets,I bought 58 tickets,NUMBERS_SYMBOLS
i trsvel often,I travel often.,MULTIPLE_ERRORS
nothnig,nothing,KEYBOARD_ADJACENCY
i will will try,i will try,REPEATED_WORDS
"yesh, I know whqt ylu mean","yeah, I know what you mean",HARD_REAL_USER_TYPING
you can can stay,you can stay,REPEATED_WORDS
noticeing,noticing,SINGLE_WORD_SPELLING
the children ply outside,The children play outside.,MULTIPLE_ERRORS
i bought 32 appls,I bought 32 apples,NUMBERS_SYMBOLS
he goes to school,He goes to school.,SPELLING_GRAMMAR
i dnt no wht to sai,I don't know what to say,SPELLING_GRAMMAR
"evn thugh John worked really hard on the upcomig exm, the mnger saud the reprt still needed sveral corrections before it culd be sent to tye cluent.","Even though John worked really hard on the upcoming exam, the manager said the report still needed several corrections before it could be sent to the client.",HARD_REAL_USER_TYPING
oNbody really understood why Fatima decided to change tye client meeting at the last minute without teling anylne else who ws working on the same project.,Nobody really understood why Fatima decided to change the client meeting at the last minute without telling anyone else who was working on the same project.,LONG_SENTENCES
totaly,totally,COMMON_TYPING_ERRORS
exercse,exercise,KEYBOARD_ADJACENCY
The manager doesn't have no idea about the contract terms.,The manager doesn't have any idea about the contract terms.,GRAMMAR_ONLY
lotta now,lot of now,SHORT_TEXT
ommission,omission,SINGLE_WORD_SPELLING
nobody really understood why Anna decided to change the project deadline at the last minute without telking anyone ese who was wkrking on the same project.,Nobody really understood why Anna decided to change the project deadline at the last minute without telling anyone else who was working on the same project.,LONG_SENTENCES
u i think so,you i think so,COMMON_TYPING_ERRORS
the chipdren ply outside,The children play outside.,SPELLING_GRAMMAR
"hafta, txt?","have to, text?",REAL_CHAT_MESSAGES
My brother didn't went to the hospital.,My brother didn't go to the hospital.,GRAMMAR_ONLY
outta but gimme tho,out of but give me tho,REAL_CHAT_MESSAGES
neithr of thm is rady,Neither of them is ready.,MULTIPLE_ERRORS
"evsn though Mzria worked really hard on the weather, teh mangaer sid teh reoprt stll needed several corrections before it could be sent to the client.","Even though Maria worked really hard on the weather, the manager said the report still needed several corrections before it could be sent to the client.",HARD_REAL_USER_TYPING
He attend the meeting.,He attend the meeting.,IDENTITY
im tired,I'm tired,SHORT_TEXT
desparate,desperate,SINGLE_WORD_SPELLING
I went with in the rules yesterday.,I went within the rules yesterday.,WORD_BOUNDARY_ERRORS
mst i think so,must i think so,COMMON_TYPING_ERRORS
dedide,decide,KEYBOARD_ADJACENCY
My brother has finish the report on the new policy.,My brother has finished the report on the new policy.,GRAMMAR_ONLY
gonna pls,going to pls,SHORT_TEXT
neither of them is ready,Neither of them is ready.,SPELLING_GRAMMAR
more over he agreed,moreover he agreed,WORD_BOUNDARY_ERRORS
We plan ahead.,We plan ahead.,IDENTITY
doesnt too late now,doesn't too late now,CONTRACTIONS
i dosent kno hw it hapend,I don't know how it happened,SPELLING_GRAMMAR
bro dis fr,bro this fr,REAL_CHAT_MESSAGES
i i can hear,i can hear,REPEATED_WORDS
My sister read the newspaper.,My sister read the newspaper.,IDENTITY
i bought 53 appls,I bought 53 apples,NUMBERS_SYMBOLS
hte children lpay outside,The children play outside.,SPELLING_GRAMMAR
hieght,height,SINGLE_WORD_SPELLING
nobody really understood why Fatima dcided to change the wedding plans at the last minute without telling anyone else who aws working on the same project.,Nobody really understood why Fatima decided to change the wedding plans at the last minute without telling anyone else who was working on the same project.,LONG_SENTENCES
the whle team inclduing Jupia stzyed late at the aprk because the client meteing needed to be finihed beore the deafline that was set for tokorrow morning.,The whole team including Julia stayed late at the park because the client meeting needed to be finished before the deadline that was set for tomorrow morning.,HARD_REAL_USER_TYPING
omw,on my way,COMMON_TYPING_ERRORS
She adopted a puppy from the shelter.,She adopted a puppy from the shelter.,IDENTITY
"wat, undrstnd?","what, understand?",REAL_CHAT_MESSAGES
"wyen we arirved at home yesterday, Tom topd us that the travel itinerary had changed completely and nobody hqd bothered to inform teh rest of the etam.","When we arrived at home yesterday, Tom told us that the travel itinerary had changed completely and nobody had bothered to inform the rest of the team.",LONG_SENTENCES
The teacher have went to the gym already.,The teacher has gone to the gym already.,GRAMMAR_ONLY
ngl nite rn,ngl night rn,REAL_CHAT_MESSAGES
mispell,misspell,SINGLE_WORD_SPELLING
tdacher,teacher,KEYBOARD_ADJACENCY
raj was trying to explain the weatehr to teh tem but kept making mistakes because he was typung to fst on hs pyone while walkng to tje prk.,Raj was trying to explain the weather to the team but kept making mistakes because he was typing too fast on his phone while walking to the park.,HARD_REAL_USER_TYPING
sam and I were discussing the travel itinerary on our way to the markst when suddenly the phne died and we lost half of the inportant nptes we ahd taken.,Sam and I were discussing the travel itinerary on our way to the market when suddenly the phone died and we lost half of the important notes we had taken.,LONG_SENTENCES
im,I'm,CONTRACTIONS
you you can stay,you can stay,REPEATED_WORDS
julia and I were discussing the football match on our way to the meting room when suddenly the phone died nad we lost hlf of the important nites we had taken.,Julia and I were discussing the football match on our way to the meeting room when suddenly the phone died and we lost half of the important notes we had taken.,LONG_SENTENCES
sjmple,simple,KEYBOARD_ADJACENCY
te manager wprk hard,The manager work hard.,MULTIPLE_ERRORS
we we should go,we should go,REPEATED_WORDS
"when we arived at the bank yestwrday, Omar told us that the school assigbment had changed completely abd nobody had bothered to infom the rest of the team.","When we arrived at the bank yesterday, Omar told us that the school assignment had changed completely and nobody had bothered to inform the rest of the team.",LONG_SENTENCES
the studnts hs finshed the tst,the students have finished the test,SPELLING_GRAMMAR
"after spending almost thrre hours at the bnak, Kvin finally admittd tht the recipe was much omre complicated thn anyoen had originally expected.","After spending almost three hours at the bank, Kevin finally admitted that the recipe was much more complicated than anyone had originally expected.",HARD_REAL_USER_TYPING
David were at the restaurant this morning.,David was at the restaurant this morning.,GRAMMAR_ONLY
we lpan ahead,We plan ahead.,MULTIPLE_ERRORS
nobody really understood why Omar decided to cjange the weather at the last minute without tllng anynoe lese who was workjng on the smae poject.,Nobody really understood why Omar decided to change the weather at the last minute without telling anyone else who was working on the same project.,HARD_REAL_USER_TYPING
i can can hear,i can hear,REPEATED_WORDS
hafta?,have to?,SHORT_TEXT
it doens't matter to me,It doesn't matter to me.,MULTIPLE_ERRORS
"after spending amlost three hours at home, Prya finaly admitted that the cojtract terms was umch more complicated than anyone had originally expected.","After spending almost three hours at home, Priya finally admitted that the contract terms was much more complicated than anyone had originally expected.",LONG_SENTENCES
i bcoz that,i because that,COMMON_TYPING_ERRORS
smwhr that is true,somewhere that is true,COMMON_TYPING_ERRORS
he doen't ahve ay mkney,He doesn't have any money.,SPELLING_GRAMMAR
"during the call yesterday, Aisha explained that the quaterly results required more reources than originally planned, so the entire tem had to rearrange thir schedles.","During the call yesterday, Aisha explained that the quarterly results required more resources than originally planned, so the entire team had to rearrange their schedules.",LONG_SENTENCES
The manager have went to the park already.,The manager has gone to the park already.,GRAMMAR_ONLY
friejd,friend,KEYBOARD_ADJACENCY
"oh my god, I cant believe thjs hqppened","oh my god, I can't believe this happened",HARD_REAL_USER_TYPING
count me in,count me in,SHORT_TEXT
shud,should,COMMON_TYPING_ERRORS
prodcue,produce,KEYBOARD_ADJACENCY
nobkdy reaply unxerstood why Julia decided to hcange tbe rnt pyment at the alst minute wtihout tellign amyone elxe wo wss worikng on the sme projct.,Nobody really understood why Julia decided to change the rent payment at the last minute without telling anyone else who was working on the same project.,HARD_REAL_USER_TYPING
inthe morning,in the morning,WORD_BOUNDARY_ERRORS
She arrived never the less we went.,She arrived nevertheless we went.,WORD_BOUNDARY_ERRORS
theres,there's,CONTRACTIONS
you are late late,you are late,REPEATED_WORDS
my father wotks in a bank,My father works in a bank.,MULTIPLE_ERRORS
sbe hss three cags,She has three cats.,SPELLING_GRAMMAR
the whole tem inclhding Mhoammed stayed laye at the park bcuse the rent payment needed to be finished bfeore teh deadline thqt was st ofr tomorrpw morning.,The whole team including Mohammed stayed late at the park because the rent payment needed to be finished before the deadline that was set for tomorrow morning.,HARD_REAL_USER_TYPING
apparant,apparent,SINGLE_WORD_SPELLING
Our flight was delayed by two hours.,Our flight was delayed by two hours.,IDENTITY
a part from this,apart from this,WORD_BOUNDARY_ERRORS
definately,definitely,SINGLE_WORD_SPELLING
she hs been wirking sice morning,She has been working since morning.,SPELLING_GRAMMAR
hafta,have to,COMMON_TYPING_ERRORS
They cook dinner together.,They cook dinner together.,IDENTITY
supprot,support,KEYBOARD_ADJACENCY
i understand the lessn nw,I understand the lesson now.,SPELLING_GRAMMAR
i live in sweden,I live in Sweden,CAPITALIZATION
havent going to the store,haven't going to the store,CONTRACTIONS
did you finish the report,Did you finish the report?,PUNCTUATION
couldnt,couldn't,CONTRACTIONS
tbh gotta lol,tbh got to lol,REAL_CHAT_MESSAGES
i was was wrong,i was wrong,REPEATED_WORDS
mara abd I weer discussing the football match on our way to colege when suddenly the phone ded and we lost half of the imporgant notes we had taken.,Maria and I were discussing the football match on our way to college when suddenly the phone died and we lost half of the important notes we had taken.,LONG_SENTENCES
bcoz pls,because pls,SHORT_TEXT
The dog go to the market every day.,The dog goes to the market every day.,GRAMMAR_ONLY
requjre,require,KEYBOARD_ADJACENCY
the whole twam including Anna stayd lte at the mdeting rkom because the software update needed to be finished before the dadlne that was st for tomorrow morhing.,The whole team including Anna stayed late at the meeting room because the software update needed to be finished before the deadline that was set for tomorrow morning.,LONG_SENTENCES
wknd but msg tho,weekend but message tho,REAL_CHAT_MESSAGES
everyine,everyone,KEYBOARD_ADJACENCY
honestly the doctor will see u now,"Honestly, the doctor will see you now",AMBIGUOUS_CONTEXT
he didn't sqy ahything,He didn't say anything.,SPELLING_GRAMMAR
"cnt, dnt?","can't, don't?",REAL_CHAT_MESSAGES
The novel was translated into twenty languages.,The novel was translated into twenty languages.,IDENTITY
becuse,because,KEYBOARD_ADJACENCY
ngl sry rn,ngl sorry rn,REAL_CHAT_MESSAGES
can u send the pic agian,can you send the picture again,REAL_CHAT_MESSAGES
kinda,kind of,COMMON_TYPING_ERRORS
I have finished my homework.,I have finished my homework.,IDENTITY
cant tell,can't tell,SHORT_TEXT
i bought 34 boxs,I bought 34 boxes,NUMBERS_SYMBOLS
the students were stuxying hard,The students were studying hard.,MULTIPLE_ERRORS
"dabid mentioned that the rozd conditiins woupd probably be delayed agzin, which maxe evwryone at te airport extremly frstrtd and worried aobut the consequences.","David mentioned that the road conditions would probably be delayed again, which made everyone at the airport extremely frustrated and worried about the consequences.",HARD_REAL_USER_TYPING
It has finish the report on the budget report.,It has finished the report on the budget report.,GRAMMAR_ONLY
cud now,could now,SHORT_TEXT
i bought 32 ticets,I bought 32 tickets,NUMBERS_SYMBOLS
Tom have a meeting about the quarterly results.,Tom has a meeting about the quarterly results.,GRAMMAR_ONLY
wouldnt a good idea,wouldn't a good idea,CONTRACTIONS
reveive,receive,KEYBOARD_ADJACENCY
the object of the experimnt was clear,the object of the experiment was clear,AMBIGUOUS_CONTEXT
the doctor will see u now,the doctor will see you now,AMBIGUOUS_CONTEXT
motning,morning,KEYBOARD_ADJACENCY
she hs been working since morhing,She has been working since morning.,SPELLING_GRAMMAR
noboy really understood wyh Lisa decided to change tye recipe at the lat minute witbout tellig anyone else who was working on the sane ptoject.,Nobody really understood why Lisa decided to change the recipe at the last minute without telling anyone else who was working on the same project.,HARD_REAL_USER_TYPING
we clean the house,We clean the house.,MULTIPLE_ERRORS
the bank was closed so we cudnt withdraw money,the bank was closed so we couldn't withdraw money,AMBIGUOUS_CONTEXT
You cook dinner together.,You cook dinner together.,IDENTITY
it rains a lot in tbis city,It rains a lot in this city.,MULTIPLE_ERRORS
beautiul,beautiful,KEYBOARD_ADJACENCY
"durng the clal yestrday, Omar exlpained tgat tge road condotions required mroe resources than originally planned, so the engire team hd to rearrange their schedules.","During the call yesterday, Omar explained that the road conditions required more resources than originally planned, so the entire team had to rearrange their schedules.",HARD_REAL_USER_TYPING
my sister cok dinenr together,My sister cook dinner together.,MULTIPLE_ERRORS
porvide,provide,KEYBOARD_ADJACENCY
fatima and I were discussing the qartrly results on our way to the gym whn suddenly the phone died and we lost half of the importnt notes we hzd taken.,Fatima and I were discussing the quarterly results on our way to the gym when suddenly the phone died and we lost half of the important notes we had taken.,LONG_SENTENCES
he wound the bandage around his arm,he wound the bandage around his arm,AMBIGUOUS_CONTEXT
which one do you want,Which one do you want?,PUNCTUATION
i live in spain,I live in Spain,CAPITALIZATION
prkya was trynig to explain the school assignmsnt to tue team ubt kept making mistakes because he wqs typnig to fast on hjs pohne wjile walking to the city cejter.,Priya was trying to explain the school assignment to the team but kept making mistakes because he was typing too fast on his phone while walking to the city center.,HARD_REAL_USER_TYPING
aisha wss trying to explain the software updzte to hte team bit kept making mstks because he was tyipng oto fast on his phone while walking to tye warhuse.,Aisha was trying to explain the software update to the team but kept making mistakes because he was typing too fast on his phone while walking to the warehouse.,HARD_REAL_USER_TYPING
or neighbors invitd us over fir dinnre,Our neighbors invited us over for dinner.,MULTIPLE_ERRORS
tye news is very bsd today,The news is very bad today.,SPELLING_GRAMMAR
we should def now,we should definitely now,COMMON_TYPING_ERRORS
honestly i dont know,"Honestly, I don't know.",PUNCTUATION
i bought 88 boxs,I bought 88 boxes,NUMBERS_SYMBOLS
not yet,not yet,SHORT_TEXT
the dkgs are barkijg loudky,The dogs are barking loudly.,SPELLING_GRAMMAR
becuz man,because man,SHORT_TEXT
It has finish the report on the upcoming exam.,It has finished the report on the upcoming exam.,GRAMMAR_ONLY
prty i think so,pretty i think so,COMMON_TYPING_ERRORS
ngl hpn rn,ngl happen rn,REAL_CHAT_MESSAGES
"omr mentioned tat the weddig plans would prlbably be delzyed agqin, whch made everyone at home extremely frustrated and worried about the consequences.","Omar mentioned that the wedding plans would probably be delayed again, which made everyone at home extremely frustrated and worried about the consequences.",LONG_SENTENCES
we wee waiting for the bus,We were waiting for the bus.,SPELLING_GRAMMAR
dis is takng wai 2 long we ned 2 spd it up,"this is taking way too long, we need to speed it up",HARD_REAL_USER_TYPING
te nees is very bad today,The news is very bad today.,SPELLING_GRAMMAR
ya i kno wat u mean,"yeah, I know what you mean",REAL_CHAT_MESSAGES
transfered,transferred,SINGLE_WORD_SPELLING
David have a meeting about the upcoming exam.,David has a meeting about the upcoming exam.,GRAMMAR_ONLY
gud?,good?,SHORT_TEXT
whr now,where now,SHORT_TEXT
acheive,achieve,SINGLE_WORD_SPELLING
raj and I weee dscussing the project dealdine on our way to the library when suddenly the phone died and we lost half of te important notes we had tamen.,Raj and I were discussing the project deadline on our way to the library when suddenly the phone died and we lost half of the important notes we had taken.,LONG_SENTENCES
i understand the lesson now,I understand the lesson now.,SPELLING_GRAMMAR
the company released ist ahnual report,The company released its annual report.,MULTIPLE_ERRORS
The teacher have a meeting about the quarterly results.,The teacher has a meeting about the quarterly results.,GRAMMAR_ONLY
"eevn tyough Omar worked really hard on tue football match, tge manager sad the report still neded several corrections before it could be snet to the cliet.","Even though Omar worked really hard on the football match, the manager said the report still needed several corrections before it could be sent to the client.",HARD_REAL_USER_TYPING
honestly he wound the bandage around his arm,"Honestly, he wound the bandage around his arm",AMBIGUOUS_CONTEXT
"even tyough Aisa woked really hard on tue wedxing palns, tje manager saod the rprt still newded several crorections before it cuold be sent to the clietn.","Even though Aisha worked really hard on the wedding plans, the manager said the report still needed several corrections before it could be sent to the client.",HARD_REAL_USER_TYPING
He don't know what to do.,He doesn't know what to do.,GRAMMAR_ONLY
hse walks to schol every day,She walks to school every day.,SPELLING_GRAMMAR
noboyd realy understood why Omar decided to chage the football mtach at the last mnute without tekling angone else hwo was wokring on the same porject.,Nobody really understood why Omar decided to change the football match at the last minute without telling anyone else who was working on the same project.,HARD_REAL_USER_TYPING
wrk,work,COMMON_TYPING_ERRORS
my mother coosk dinner every night,My mother cooks dinner every night.,SPELLING_GRAMMAR
i bought 79 ticets,I bought 79 tickets,NUMBERS_SYMBOLS
We was waiting for the bus.,We were waiting for the bus.,GRAMMAR_ONLY
i bought 31 bottls,I bought 31 bottles,NUMBERS_SYMBOLS
he ahs gone to the market,He has gone to the market.,SPELLING_GRAMMAR
The teacher have went to the train station already.,The teacher has gone to the train station already.,GRAMMAR_ONLY
"after spending almost three hours at tue gym, Nina finaly admitted that the rent payment was much mode comolicated than anyone had originally expected.","After spending almost three hours at the gym, Nina finally admitted that the rent payment was much more complicated than anyone had originally expected.",LONG_SENTENCES
k cool,"okay, cool",SHORT_TEXT
tbe river flws through three different countries,The river flows through three different countries.,MULTIPLE_ERRORS
The train arrives in ten minutes.,The train arrives in ten minutes.,IDENTITY
lkttle,little,KEYBOARD_ADJACENCY
quizes,quizzes,SINGLE_WORD_SPELLING
"can ylu expkain htat gaain, please","can you explain that again, please",HARD_REAL_USER_TYPING
we were witng for the bus,We were waiting for the bus.,MULTIPLE_ERRORS
thnk?,think?,SHORT_TEXT
he plan ahead,He plan ahead.,MULTIPLE_ERRORS
im bored,I'm bored,SHORT_TEXT
my father wokrs in a bank,My father works in a bank.,SPELLING_GRAMMAR
im in,I'm in,SHORT_TEXT
the students attend the meeting,The students attend the meeting.,MULTIPLE_ERRORS
He has went to the market.,He has gone to the market.,GRAMMAR_ONLY
she doesn't like paples,She doesn't like apples.,MULTIPLE_ERRORS
recieve,receive,SINGLE_WORD_SPELLING
some times i forget it happened.,sometimes I forget it happened.,WORD_BOUNDARY_ERRORS
You arrive on time.,You arrive on time.,IDENTITY
he has gone to te market,He has gone to the market.,SPELLING_GRAMMAR
wyd rn,what are you doing right now,REAL_CHAT_MESSAGES
mathematicaly,mathematically,SINGLE_WORD_SPELLING
honestly i need to address this isue now,"Honestly, I need to address this issue now",AMBIGUOUS_CONTEXT
pople,people,KEYBOARD_ADJACENCY
we are going to the beavh this weekend,We are going to the beach this weekend.,MULTIPLE_ERRORS
prob,probably,COMMON_TYPING_ERRORS
"priua mentioned tht the quaryerly results would probalby be delayed again, which amde everyone at the office extremley frustratde and owrried about the consequences.","Priya mentioned that the quarterly results would probably be delayed again, which made everyone at the office extremely frustrated and worried about the consequences.",HARD_REAL_USER_TYPING
Tom have went to the library already.,Tom has gone to the library already.,GRAMMAR_ONLY
yo can u send tht file,"yo, can you send that file",REAL_CHAT_MESSAGES
i understand the lessno now,I understand the lesson now.,SPELLING_GRAMMAR
we are done done,we are done,REPEATED_WORDS
workung,working,KEYBOARD_ADJACENCY
we should b4 now,we should before now,COMMON_TYPING_ERRORS
y r u sad,why are you sad,SHORT_TEXT
ohw are yu doing today,how are you doing today,HARD_REAL_USER_TYPING
workng,working,KEYBOARD_ADJACENCY
neither of tyem is reary,Neither of them is ready.,SPELLING_GRAMMAR
we should hlp now,we should help now,COMMON_TYPING_ERRORS
b4,before,COMMON_TYPING_ERRORS
I posession this.,I possession this.,SINGLE_WORD_SPELLING
hav,have,COMMON_TYPING_ERRORS
brb soon,be right back soon,SHORT_TEXT
i live in peru,I live in Peru,CAPITALIZATION
we should hve now,we should have now,COMMON_TYPING_ERRORS
we are reading the bible this week,We are reading the Bible this week,CAPITALIZATION
the whole tezm including Mohammed staeyd late at tue warehouee because tne budgst report neded to be finished befote the dedaline tgat ws set for tmrrw morning.,The whole team including Mohammed stayed late at the warehouse because the budget report needed to be finished before the deadline that was set for tomorrow morning.,HARD_REAL_USER_TYPING
we should perfekt now,we should perfect now,COMMON_TYPING_ERRORS
contraversy,controversy,SINGLE_WORD_SPELLING
priya and I were discussing the school assibnment on our wsy to the office when suddenly the phone died and we lost half of the important notes we ahd taken.,Priya and I were discussing the school assignment on our way to the office when suddenly the phone died and we lost half of the important notes we had taken.,LONG_SENTENCES
the whole team inclding Mra stayed late at the restaurant becauxe tye school assighment needed to be finshd before the deadline that wsa sdt flr tomorrw morning.,The whole team including Maria stayed late at the restaurant because the school assignment needed to be finished before the deadline that was set for tomorrow morning.,HARD_REAL_USER_TYPING
tue students travel often,The students travel often.,MULTIPLE_ERRORS
thru i think so,through i think so,COMMON_TYPING_ERRORS
y not,why not,SHORT_TEXT
"wud, becuz?","would, because?",REAL_CHAT_MESSAGES
My brother go to the warehouse every day.,My brother goes to the warehouse every day.,GRAMMAR_ONLY
carlos wzs rtying to explain the school assignment to the team but kept making msitakes because he was typing too faxt on hs phone while walking to teh meeting room.,Carlos was trying to explain the school assignment to the team but kept making mistakes because he was typing too fast on his phone while walking to the meeting room.,LONG_SENTENCES
cntry,country,KEYBOARD_ADJACENCY
hasnt going to the store,hasn't going to the store,CONTRACTIONS
medeval,medieval,SINGLE_WORD_SPELLING
differemt,different,KEYBOARD_ADJACENCY
so tru,so true,SHORT_TEXT
gotta but aint tho,got to but isn't tho,REAL_CHAT_MESSAGES
we should abt now,we should about now,COMMON_TYPING_ERRORS
they were watching tlevsn,They were watching television.,SPELLING_GRAMMAR
we read the newspaper,We read the newspaper.,MULTIPLE_ERRORS
They attend the meeting.,They attend the meeting.,IDENTITY
where do you live,Where do you live?,PUNCTUATION
she knows the answer,She knows the answer.,SPELLING_GRAMMAR
smthg i think so,something i think so,COMMON_TYPING_ERRORS
cemetary,cemetery,SINGLE_WORD_SPELLING
i think dont right,i think don't right,CONTRACTIONS
kinda now,kind of now,SHORT_TEXT
thier,their,SINGLE_WORD_SPELLING
dat?,that?,SHORT_TEXT
srry 4 the delai i ws stuk in a metng al day,"sorry for the delay, I was stuck in a meeting all day",HARD_REAL_USER_TYPING
"carlos mentioned that the retn payment would probably be delayed again, which made everyone at the train station extremely fustrated ajd worried about the consequencse.","Carlos mentioned that the rent payment would probably be delayed again, which made everyone at the train station extremely frustrated and worried about the consequences.",LONG_SENTENCES
sbject,subject,KEYBOARD_ADJACENCY
The students clean the house.,The students clean the house.,IDENTITY
r,are,COMMON_TYPING_ERRORS
My sister attend the meeting.,My sister attend the meeting.,IDENTITY
jpurney,journey,KEYBOARD_ADJACENCY
i bought 53 boxs,I bought 53 boxes,NUMBERS_SYMBOLS
bro jst send the link alredy,"bro, just send the link already",REAL_CHAT_MESSAGES
intrnt,internet,KEYBOARD_ADJACENCY
We talked up stairs now.,We talked upstairs now.,WORD_BOUNDARY_ERRORS
maria was trying to explain the lcient meeting to the team but kept making mistakes beause he was typing too fast on his phone while walking to tge offie.,Maria was trying to explain the client meeting to the team but kept making mistakes because he was typing too fast on his phone while walking to the office.,LONG_SENTENCES
villate,village,KEYBOARD_ADJACENCY
the whole tam inclding Nina stayed laet at wotk because the contract terms needed to be finished before the deadine taht ws set for tomorow mofning.,The whole team including Nina stayed late at work because the contract terms needed to be finished before the deadline that was set for tomorrow morning.,HARD_REAL_USER_TYPING
I didn't went there yesterday.,I didn't go there yesterday.,GRAMMAR_ONLY
we should wnt now,we should want now,COMMON_TYPING_ERRORS
my sister plan haead,My sister plan ahead.,MULTIPLE_ERRORS
temperture,temperature,SINGLE_WORD_SPELLING
"during the call yesterday, Tom explained that the upcoming exam reuqired mre resuorces thn originally panned, so the entire team had to rearrange thir schedules.","During the call yesterday, Tom explained that the upcoming exam required more resources than originally planned, so the entire team had to rearrange their schedules.",LONG_SENTENCES
this is chicago,This is Chicago,CAPITALIZATION
impove,improve,KEYBOARD_ADJACENCY
bro prty fr,bro pretty fr,REAL_CHAT_MESSAGES
"after spending alost three houfs at the train stztion, Sarah finslly admitted thqt the school assignment was mcuh more complicated than anyone had originally expected.","After spending almost three hours at the train station, Sarah finally admitted that the school assignment was much more complicated than anyone had originally expected.",LONG_SENTENCES
inevitible,inevitable,SINGLE_WORD_SPELLING
tbh asap lol,tbh as soon as possible lol,REAL_CHAT_MESSAGES
he oges to schpol,He goes to school.,MULTIPLE_ERRORS
cprrect,correct,KEYBOARD_ADJACENCY
np man,no problem man,SHORT_TEXT
We clean the house.,We clean the house.,IDENTITY
we should should go,we should go,REPEATED_WORDS
The manager were at work this morning.,The manager was at work this morning.,GRAMMAR_ONLY
posession,possession,SINGLE_WORD_SPELLING
its ok,it's okay,SHORT_TEXT
the nws is very bad todzy,The news is very bad today.,SPELLING_GRAMMAR
sam wqs trying to explain the budget report to te tesm but kelt making mistakes because he was typing too fast on his phone while walking to the hospital.,Sam was trying to explain the budget report to the team but kept making mistakes because he was typing too fast on his phone while walking to the hospital.,LONG_SENTENCES
knowladge,knowledge,SINGLE_WORD_SPELLING
honestly the bat flew out of the cave at night,"Honestly, the bat flew out of the cave at night",AMBIGUOUS_CONTEXT
bro luv fr,bro love fr,REAL_CHAT_MESSAGES
priya and I were discussing the budget repprt on or way to school when suddenly the puone dide and we lost half of te important notes we hda taken.,Priya and I were discussing the budget report on our way to school when suddenly the phone died and we lost half of the important notes we had taken.,HARD_REAL_USER_TYPING
stomache,stomach,SINGLE_WORD_SPELLING
my parents are ciming today,My parents are coming today.,MULTIPLE_ERRORS
he can help help,he can help,REPEATED_WORDS
succss,success,KEYBOARD_ADJACENCY
i bought 63 bottls,I bought 63 bottles,NUMBERS_SYMBOLS
"after spending almost three hours at the meeting room, Lisa finalyl admittde that the recipe was much mre complidated than anyone had oirginally expected.","After spending almost three hours at the meeting room, Lisa finally admitted that the recipe was much more complicated than anyone had originally expected.",LONG_SENTENCES
i imo that,i in my opinion that,COMMON_TYPING_ERRORS
becauze,because,KEYBOARD_ADJACENCY
we relly nd to fingr out wat went rong her,we really need to figure out what went wrong here,HARD_REAL_USER_TYPING
she walks to school every dqy,She walks to school every day.,MULTIPLE_ERRORS
she designed the logo for the ndw startup,She designed the logo for the new startup.,MULTIPLE_ERRORS
My mother cook dinner every night.,My mother cooks dinner every night.,GRAMMAR_ONLY
We talked under neath the table.,We talked underneath the table.,WORD_BOUNDARY_ERRORS
look at this its amazing,"Look at this, it's amazing.",PUNCTUATION
nobody really umderstood wyh Aisha decied to change the new pooicy at the last mnute without telling anone epse wno was worikng on the saem projcet.,Nobody really understood why Aisha decided to change the new policy at the last minute without telling anyone else who was working on the same project.,HARD_REAL_USER_TYPING
rmbr pls,remember pls,SHORT_TEXT
exerise,exercise,KEYBOARD_ADJACENCY
"lida mentioned thta the wedding plans would probably be delayed again, which made evertone at the marekt extremely frutsrated and worried about the consequences.","Lisa mentioned that the wedding plans would probably be delayed again, which made everyone at the market extremely frustrated and worried about the consequences.",LONG_SENTENCES
theyll,they'll,CONTRACTIONS
intresting,interesting,SINGLE_WORD_SPELLING
bro rn fr,bro right now fr,REAL_CHAT_MESSAGES
"even though Sm wroked realpy had on the fooball match, the manger said the rport sitll needde several corrections before it culd be setn to the clent.","Even though Sam worked really hard on the football match, the manager said the report still needed several corrections before it could be sent to the client.",HARD_REAL_USER_TYPING
dis whol thng cud hav bin avoidd if we plnd betr,this whole thing could have been avoided if we planned better,HARD_REAL_USER_TYPING
tbh hlp lol,tbh help lol,REAL_CHAT_MESSAGES
te conference will be held onlien this yr,The conference will be held online this year.,MULTIPLE_ERRORS
"afyer spending almost three hours at home, Aisha finally admitted that tne weather wsa mufh mofe complicated than anyone hd orgnlly expcted.","After spending almost three hours at home, Aisha finally admitted that the weather was much more complicated than anyone had originally expected.",HARD_REAL_USER_TYPING
Maria go to the restaurant every day.,Maria goes to the restaurant every day.,GRAMMAR_ONLY
lisence,license,SINGLE_WORD_SPELLING
evry i think so,every i think so,COMMON_TYPING_ERRORS
She were at the library this morning.,She was at the library this morning.,GRAMMAR_ONLY
The dog go to the city center every day.,The dog goes to the city center every day.,GRAMMAR_ONLY
remejber,remember,KEYBOARD_ADJACENCY
he was born in new york city,He was born in New York City,CAPITALIZATION
vllge,village,KEYBOARD_ADJACENCY
hTe garden looks baeutiful in spring,The garden looks beautiful in spring.,MULTIPLE_ERRORS
im fine,I'm fine,SHORT_TEXT
